"","dates","08212300","08211900","08211520","08189700","08189300","08177300","08189200","08189500","08164600","08164800","08115000","08068390","08068450"
"1",2016-08-01,0.53,0.71,1.56,3.86,0,0,0,6.33,0.47,0.54,3.77,0.26,11.7
"2",2016-08-02,0.48,0.82,1.13,3.08,0,0,0,4.63,0.41,0.47,3.27,0.15,10.3
"3",2016-08-03,0.49,0.65,1.01,2.93,0,0,0,3.54,0.35,0.43,2.82,0.16,10.1
"4",2016-08-04,0.4,0.55,1.02,2.84,0,0,0,2.99,0.31,0.53,2.58,0.21,9.53
"5",2016-08-05,0.3,0.78,1.6,2.78,0,0,0,2.59,0.27,0.79,2.67,0.27,9.59
"6",2016-08-06,0.09,0.87,1.52,2.77,0,0,0,2.33,0.22,0.78,2.92,0.22,8.45
"7",2016-08-07,0.07,0.92,1.49,2.72,0,0,0,2.2,0.23,0.54,3.12,0.15,8.59
"8",2016-08-08,0.16,0.93,1.33,2.67,0,0,0,1.95,0.2,0.46,2.84,0.18,8.65
"9",2016-08-09,0.2,0.89,1.52,2.64,0,0,0,1.8,0.18,0.44,2.83,0.37,8.45
"10",2016-08-10,0.91,0.64,1.36,2.7,0,0,0,1.71,0.17,0.5,2.73,0.29,9.02
"11",2016-08-11,0.32,0.58,1.44,2.74,0,0,0,1.45,0.14,0.56,2.69,0.29,9.26
"12",2016-08-12,4.12,0.54,1.49,2.68,0,0,0,1.38,0.11,0.53,2.6,0.17,8.82
"13",2016-08-13,5.6,0.51,1.48,2.6,0,0,0,1.81,0.31,0.55,2.79,28,155
"14",2016-08-14,15.1,0.46,1.61,5.46,0,0,0,1.83,1.36,1.12,3.1,327,622
"15",2016-08-15,8.14,12,4.12,25.9,0,0,0,5.99,1.75,1.53,9.16,368,630
"16",2016-08-16,25.2,0.4,19.7,54.9,0,0,0,6.26,10.2,3.27,21.3,272,383
"17",2016-08-17,7.09,2.18,37.6,22.4,0,0,0,14.1,12.5,47,35.2,170,354
"18",2016-08-18,5.98,3.37,44.9,128,0,0,0,29.6,9.76,156,88.4,124,349
"19",2016-08-19,5.69,0.39,17.5,33.1,0,0,0,9.17,9.81,32.8,61.7,52,156
"20",2016-08-20,5.76,0.18,6.15,9.43,0,0,0,4.36,5.44,12.6,12,44.9,129
"21",2016-08-21,11.1,0.14,4.38,56.5,36.8,0.01,0,17.4,7.79,4.12,5.79,23.3,86.2
"22",2016-08-22,10.9,2.61,4.34,531,8.69,0.01,0,271,5.64,20.2,5.39,49.1,125
"23",2016-08-23,6.5,0.33,7.69,73.3,2.22,0.01,9.16,194,2.77,17,4.4,18.8,101
"24",2016-08-24,6.87,0.21,8.35,20.5,1,0,13.4,167,2.11,7.21,3.77,10.4,56.6
"25",2016-08-25,6.7,0.18,5.37,10.8,0.42,0,16.7,52.4,1.75,2.29,4.1,6.5,42.7
"26",2016-08-26,9.89,0.17,3.43,8,0.16,0,18.2,27.5,1.5,1.07,7.71,5.44,57.2
"27",2016-08-27,1.98,0.15,2.47,6.84,0.05,0,15.1,18.7,1.36,1.12,55.6,5.2,62
"28",2016-08-28,1.18,0.16,1.89,6.15,0,0,6.78,17.9,1.21,1.1,13.4,2.81,29.3
"29",2016-08-29,1.66,0.08,1.62,5.8,0,0,2.76,14.4,1.22,0.68,14.6,2.78,27.2
"30",2016-08-30,5.16,0.05,9.31,5.64,0,0,1.53,11.7,15.3,551,6.91,3.22,24.3
"31",2016-08-31,5.83,0.06,25.9,5.4,0,0,0.89,10.9,13.8,454,6.46,2.99,22
"32",2016-09-01,5.8,0.06,24.4,5.04,0,0,0.54,13.7,12.4,89.3,5.07,2.26,18.9
"33",2016-09-02,5.83,0.15,8.84,5.29,0,0,0.81,11.5,48.7,62.1,8.52,2.12,16.9
"34",2016-09-03,7.15,0.11,5.65,5.55,0,0,0.26,9.74,163,40.8,48.9,1.86,14.9
"35",2016-09-04,10.2,0.13,3.32,5.04,0,0,0.24,10.6,42.2,29.3,10.1,73.4,54.6
"36",2016-09-05,6.99,0.11,2.41,4.83,0,0,0.27,11.5,29.6,182,119,21.1,177
"37",2016-09-06,6.77,0.09,1.75,4.98,0,0,0.37,17,12.2,31.5,38.4,8.23,40.6
"38",2016-09-07,6.98,0.07,1.67,5.06,0,0,0.85,13.1,7.64,12.6,8.72,7.4,23.9
"39",2016-09-08,6.6,0.11,1.48,4.7,0,0,0.42,9.86,5.15,8.33,5.43,8.09,21.8
"40",2016-09-09,6.63,0.12,1.51,4.35,0,0,0.16,7.6,3.97,3.91,49.3,7.22,22.4
"41",2016-09-10,6.54,0.08,1.51,4.37,0,0,0.05,6.98,3.26,4.29,147,9.35,19.6
"42",2016-09-11,6.63,0.12,1.55,4.42,0,0,0.02,50.4,2.75,5.44,23.9,15,37.4
"43",2016-09-12,6.48,0.12,1.49,4.41,0,0,0.01,20.3,2.47,3.29,6.5,13,30.3
"44",2016-09-13,5.41,0.13,1.4,4.42,0,0,0,10.5,2.37,2.73,4.95,9.89,26.4
"45",2016-09-14,3.62,0.04,1.49,4.41,0,0,0,7.24,2.99,2.77,4.61,8.05,22.9
"46",2016-09-15,6.16,0.1,1.47,4.34,0,0,1.05,6.52,6.29,3.49,4.24,6.82,19.6
"47",2016-09-16,6.33,0.13,2.28,4.36,0,0,1.07,4.42,4.7,6.36,4.02,6.17,16.7
"48",2016-09-17,6.52,0.15,4.48,4.31,0,0,0.04,3.58,3.58,3.86,3.51,5.81,17.2
"49",2016-09-18,6.61,0.17,1.6,4.21,0,0,0,3.48,2.8,3.04,3.56,5.15,16.8
"50",2016-09-19,6.65,0.1,1.14,4.17,0,0,0,2.75,2.25,2.47,3.83,4.87,14.5
"51",2016-09-20,6.35,0.07,1.47,3.81,0,0,0,2.47,1.93,2.39,4.66,8.6,18.2
"52",2016-09-21,6.36,0.04,1.11,3.94,0,0,0,2.41,1.69,2.48,10.4,5.6,29.8
"53",2016-09-22,6.14,0.06,1.37,3.89,0,0,0,2.41,1.7,2.68,4.24,4.8,18.6
"54",2016-09-23,6.2,0.05,1.71,3.89,0,0,0,3.56,1.85,2.8,3.61,3.1,17.3
"55",2016-09-24,6.18,0.04,2.77,3.93,0,0,0,3.45,2.68,7.01,4.05,3.7,15.7
"56",2016-09-25,6.01,0.06,2.95,3.92,0,0,0,4.2,2.36,9.92,40.3,6.6,20.2
"57",2016-09-26,14.5,0.02,169,5.87,0,0,0,6.75,1.76,379,66.4,9.45,48.7
"58",2016-09-27,5.37,0.01,123,6.24,0,0,0,9.02,1.45,628,7.57,6.57,26.6
"59",2016-09-28,5.01,0.04,60.4,5.81,0,0,0,5.06,1.31,35.8,4.2,5.05,19.3
"60",2016-09-29,4.99,0.04,17.9,4.47,0,0,0.12,3.89,1.15,8.82,3.52,3.93,16.1
"61",2016-09-30,4.95,0.03,6.83,4.07,0,0,0.53,3.18,0.96,3.63,2.97,3.2,12.9
"62",2016-10-01,4.9,0.03,3.88,3.96,0,0,0.23,2.76,0.82,2.18,2.96,2.79,10.6
"63",2016-10-02,4.89,0.06,2.63,3.87,0,0,0.08,2.55,0.77,1.73,3.02,2.7,10.4
"64",2016-10-03,5,0.07,2.04,3.8,0,0,0.02,2.4,0.86,1.35,3.06,2.79,10.3
"65",2016-10-04,4.95,0.06,2.03,3.65,0,0,0,2.34,0.88,1.17,2.98,3.4,9.77
"66",2016-10-05,4.46,0.02,1.59,3.71,0,0,0,2.34,0.84,1.14,2.86,2.8,11.7
"67",2016-10-06,4.21,0.01,1.44,3.83,0,0,0,2.18,0.78,1.13,3.33,2.9,12.4
"68",2016-10-07,10.6,0.01,1.43,4,0,0,0,2.22,0.88,1.07,8.8,2.5,12.3
"69",2016-10-08,5.97,0.02,2.34,4.16,0,0,0,2.12,4.68,1.06,4.42,2.67,10.2
"70",2016-10-09,5.01,0.04,3.32,3.73,0,0,0,2.09,4.56,0.88,3.45,2.84,8.01
"71",2016-10-10,3.09,0.02,2.46,3.73,0,0,0,1.8,2.19,0.94,3.15,3.04,6.53
"72",2016-10-11,4.98,0.03,1.9,3.53,0,0,0,1.65,1.2,0.89,3.13,3.72,8.66
"73",2016-10-12,5.14,0.07,1.67,3.56,0,0,0,1.73,0.88,0.85,2.98,3.9,12.4
"74",2016-10-13,5.22,0.02,1.51,3.69,0,0,0,1.75,1.61,0.95,2.88,3.85,11.8
"75",2016-10-14,5.25,0.06,1.68,3.71,0,0,0,1.64,1.61,1.13,3.14,3.98,12
"76",2016-10-15,5.12,0.05,2.19,3.82,0,0,0,1.48,1.17,1.19,4.57,4.2,11.8
"77",2016-10-16,5.14,0.08,1.6,3.7,0,0,0,1.42,0.97,0.89,3.17,4.28,11
"78",2016-10-17,5.11,0.1,1.55,3.41,0,0,0,1.53,0.97,0.95,3.02,4.23,10.8
"79",2016-10-18,4.95,0.11,2.22,3.56,0,0,0,1.79,0.71,0.92,3.25,4.11,10.5
"80",2016-10-19,5.04,0.13,1.37,3.72,0,0,0,1.6,0.53,1.01,3.19,6.4,21.9
"81",2016-10-20,5.47,0.1,1.31,3.86,0,0,0,1.61,0.44,0.92,3.2,3.77,32.8
"82",2016-10-21,5.36,0.04,2,3.92,0,0,0,1.47,0.33,0.65,5.14,3.39,15.2
"83",2016-10-22,5.33,0.04,1.74,3.84,0,0,0,1.35,0.29,0.67,3.67,3.16,8.67
"84",2016-10-23,5.28,0.04,1.74,3.9,0,0,0,1.34,0.28,0.67,3.06,3.34,9.42
"85",2016-10-24,5.4,0.04,1.96,3.98,0,0,0,1.39,0.27,0.65,3.1,3.52,10.2
"86",2016-10-25,5.33,0.05,2.37,4,0,0,0,1.29,0.26,0.69,3.08,3.63,10.3
"87",2016-10-26,5.34,0.07,1.78,4.51,0,0,0,1.46,0.24,0.68,3.08,3.77,9.79
"88",2016-10-27,5.76,0.07,1.59,4.32,0,0,0,1.34,0.23,0.66,2.69,3.64,8.99
"89",2016-10-28,5.54,0.03,1.54,4.07,0,0,0,1.26,0.21,0.61,2.78,3.59,9.49
"90",2016-10-29,6,0.08,1.45,4.12,0,0,0,1.75,0.21,0.65,2.88,3.84,9.17
"91",2016-10-30,6.9,0.11,1.44,4.2,0,0,0,1.58,0.21,0.65,3.07,3.98,8.83
"92",2016-10-31,6.82,0.08,1.44,4.01,0,0,0,1.63,0.2,0.68,3.05,4,9.74
"93",2016-11-01,6.04,0.12,1.4,4.09,0,0,0,4.07,0.24,0.72,3.19,16.4,17
"94",2016-11-02,5.98,0.07,1.4,4.21,0,0,0,5.14,0.27,0.85,4.02,7.69,39.8
"95",2016-11-03,5.68,0.09,1.42,4.27,0,0,0,3.68,0.25,0.73,NA,6.15,21.8
"96",2016-11-04,4.17,0.1,1.34,4.36,0,0,0,1.25,0.24,0.63,NA,5.26,15.7
"97",2016-11-05,5.37,0.08,1.32,4.18,0,0,0,0.97,7.97,0.63,NA,4.65,12.2
"98",2016-11-06,5.56,0.07,2.65,4.56,0,0,0,1.2,14.4,0.66,NA,17.4,21.7
"99",2016-11-07,6.25,0.14,1.37,5.4,0,0,0,1.2,7.98,0.69,NA,125,251
"100",2016-11-08,6.94,0.06,1.58,7.68,0,0,0,1.53,6.91,0.75,NA,35.8,107
"101",2016-11-09,2.86,0.06,1.59,7.02,0,0,0,1.36,10.3,0.71,NA,17.1,51.8
"102",2016-11-10,7.24,0.07,1.6,8.61,0,0,0,1.33,10.9,0.64,NA,11,31.9
"103",2016-11-11,6.78,0.08,1.56,4.47,0,0,0,1.33,7.56,0.56,NA,8.03,20.9
"104",2016-11-12,6.65,0.08,1.49,2.95,0,0,0,1.35,5.62,0.59,NA,6.52,17.6
"105",2016-11-13,6.78,0.08,1.48,2.74,0,0,0,1.23,4.29,0.61,3.09,5.58,15.2
"106",2016-11-14,6.07,0.11,1.45,2.74,0,0,0,1.33,3.51,0.63,3.14,5.04,14.5
"107",2016-11-15,6.21,0.17,1.87,2.74,0,0,0,1.39,2.88,0.54,3.14,5.03,14.7
"108",2016-11-16,6.58,0.12,1.43,2.65,0,0,0,1.28,2.28,0.51,3.26,4.4,15.2
"109",2016-11-17,6.39,0.11,1.44,2.62,0,0,0,1.12,1.86,0.45,3.05,4.1,14
"110",2016-11-18,5.8,0.18,6.17,2.9,0,0,0,1.6,47.3,0.68,5.81,4.23,14
"111",2016-11-19,5.02,0.09,6.5,3.59,0,0,0,2.8,37.9,0.69,33.4,4.1,12.6
"112",2016-11-20,5.54,0.19,37.8,7.42,0,0,0,6.99,14.7,0.64,7.39,3.96,8.03
"113",2016-11-21,6.28,0.4,13.2,4.42,0,0,0,10.4,9.24,0.7,4.57,3.82,9.4
"114",2016-11-22,7.16,0.5,5.67,3.14,0,0,0,7.1,7.53,0.66,3.53,3.9,11.4
"115",2016-11-23,8.9,0.6,3.57,2.91,0,0,0,5.13,4.46,0.65,3.84,17.2,80.5
"116",2016-11-24,8.72,0.8,2.57,2.9,0,0,0,3.76,2.36,0.57,4.06,6.81,39.3
"117",2016-11-25,8.71,0.6,2.09,2.93,0,0,0.01,3.31,1.6,0.59,3.11,5.69,21.3
"118",2016-11-26,8.96,0.81,1.86,3.1,0,0,0,2.47,1.22,0.67,3.12,4.87,15.9
"119",2016-11-27,9.1,0.94,1.69,2.94,0,0,0,2.15,0.93,0.66,3.01,4.39,14
"120",2016-11-28,9.41,1.06,1.66,3.23,0,0,0,2.13,0.63,0.69,2.97,4.14,15.2
"121",2016-11-29,3.32,1.13,1.61,3.55,0,0,0,1.9,0.4,0.62,3.03,4.06,14.7
"122",2016-11-30,1.9,1.04,1.54,3.74,0,0,0,1.8,0.3,0.52,3.15,3.89,13.4
"123",2016-12-01,9.51,1.11,1.45,3.42,0,0,0,1.53,0.24,0.45,2.98,3.78,9.74
"124",2016-12-02,9.56,0.81,1.41,3.3,0,0,0,1.53,0.24,0.51,2.61,3.78,8.98
"125",2016-12-03,23.8,1.13,1.73,3.38,0,0,0,1.83,0.75,0.7,56.9,173,278
"126",2016-12-04,49.1,16.7,56.6,7.76,0,0,28.9,37.3,22.6,1.41,378,209,360
"127",2016-12-05,7.03,23.2,421,62.8,0,0,41.2,288,166,19.3,783,238,412
"128",2016-12-06,0.62,6.1,374,30.4,0,0,48.8,729,223,110,347,125,245
"129",2016-12-07,0.15,1.21,136,9.64,0,0,28.4,402,85.3,37.3,96.6,45.3,111
"130",2016-12-08,0.25,0.6,80.3,4.29,0,0,13.2,112,50.5,11.7,40.7,22.2,60.5
"131",2016-12-09,0,0.56,52.6,2.8,0,0,6.29,45.5,34.1,4.48,19.7,11.8,34.6
"132",2016-12-10,0,0.5,25.6,2.5,0,0,3.28,27.7,25.8,1.94,10.7,7.37,25.1
"133",2016-12-11,0,0.49,9.54,2.45,0,0,1.78,20.1,21.7,1.2,7.2,5.1,22.5
"134",2016-12-12,0.03,0.52,4.62,2.36,0,0,0.99,16.2,19,0.98,5.81,3.92,21.9
"135",2016-12-13,0,0.55,3.1,2.36,0,0,0.6,13.3,17,0.98,5.07,3.88,21.2
"136",2016-12-14,0.05,0.56,2.93,2.46,0,0,0.33,10.9,15.7,0.95,4.37,2.89,21.7
"137",2016-12-15,0,0.55,1.77,2.48,0,0,0.18,9.24,14.2,0.89,3.94,2.5,19.8
"138",2016-12-16,0,0.55,1.84,2.69,0,0,0.1,8.41,13.6,0.92,3.67,2.29,17.9
"139",2016-12-17,0,0.56,1.9,2.58,0,0,0.06,7.85,14.2,0.92,3.58,2.22,19.8
"140",2016-12-18,0,0.54,1.43,2.53,0,0,0.02,6.83,12.9,0.98,3.21,2.01,20.8
"141",2016-12-19,0,0.54,1.16,2.3,0,0,0.01,6.4,10.2,0.82,3.01,1.89,13
"142",2016-12-20,0.15,0.54,1.25,2.1,0,0,0,6.09,10.1,0.83,2.99,1.77,12.6
"143",2016-12-21,0.08,0.32,1.46,2.19,0,0,0,5.86,12.5,0.88,2.9,1.79,13.2
"144",2016-12-22,0.08,0.34,1.63,2.35,0,0,0,5.89,13.9,0.97,2.58,1.77,15.1
"145",2016-12-23,0.08,0.58,1.75,2.31,0,0,0,5.82,13.6,1.03,2.65,1.81,15.7
"146",2016-12-24,0.8,0.58,2.02,2.14,0,0,0,5.59,13.1,0.89,2.95,1.76,16
"147",2016-12-25,0.03,0.54,1.92,2.19,0,0,0,5.52,13.5,0.86,2.82,1.7,12.9
"148",2016-12-26,0,0.55,1.95,2.33,0,0,0,5.21,12.6,0.96,2.61,1.72,11.3
"149",2016-12-27,0.08,0.56,2.18,2.34,0,0,0,5.35,12.1,0.99,2.88,1.74,11
"150",2016-12-28,0.12,0.57,2.9,2.33,0,0,0,5.29,15,0.92,2.76,1.6,8.93
"151",2016-12-29,0.19,0.56,2.29,2.24,0,0,0,5.68,12.9,0.83,2.86,1.57,9.42
"152",2016-12-30,0.06,0.55,2.24,2.26,0,0,0,4.95,10.1,0.78,2.69,1.46,5.63
"153",2016-12-31,0.05,0.54,1.68,2.62,0,0,0,4.83,9.6,0.74,3.02,2.6,10.9
"154",2017-01-01,0.59,0.53,1.91,3.44,0,0,0,4.88,11.2,0.77,3.23,2.05,14.2
"155",2017-01-02,0.01,0.58,1.85,2.97,0,0,0,4.93,10.5,0.67,3.16,191,307
"156",2017-01-03,0.1,0.57,1.82,2.52,0,0,0,4.74,8.52,0.67,3.09,71.9,207
"157",2017-01-04,0.02,0.57,1.82,2.42,0,0,0,4.49,7.02,0.66,2.73,23,76
"158",2017-01-05,0,0.39,2.03,2.56,0,0,0,4.61,6.52,0.65,2.51,10.7,40
"159",2017-01-06,0,0.53,1.82,2.4,0,0,0,4.46,5.83,0.63,2.77,6.44,27.3
"160",2017-01-07,0.01,0.53,1.36,2.37,0,0,0,4.11,4.86,0.6,2.86,4.43,15.1
"161",2017-01-08,0,0.54,1.19,2.35,0,0,0,4.02,4.23,0.7,2.93,3.38,9.15
"162",2017-01-09,0,0.36,1.44,2.32,0,0,0,4.55,4.44,0.66,3,2.75,8.09
"163",2017-01-10,0.01,0.34,1.77,2.66,0,0,0,4.89,4.61,0.72,2.69,2.45,7.78
"164",2017-01-11,0.02,0.42,2.18,2.8,0,0,0,5.08,4.4,0.72,2.71,2.22,8.38
"165",2017-01-12,0.04,0.27,2.55,2.98,0,0,0,5.42,4.24,0.71,2.9,2.05,8.08
"166",2017-01-13,1.25,0.61,2.65,3.44,0,0,0,5.49,4.08,0.71,2.95,2.41,10
"167",2017-01-14,3.66,0.6,2.38,4.29,0,0,0,5.46,3.86,0.71,2.91,2.06,12.2
"168",2017-01-15,4.44,0.43,2.3,5.86,0,0,0,5.28,3.87,0.72,3.04,3.08,11.9
"169",2017-01-16,4.23,0.58,2.28,4.63,0,0,0,5.25,4.78,0.75,2.92,7.46,37
"170",2017-01-17,4.25,0.65,2.14,5.4,0,0,0,5.63,21.1,0.77,3.06,62.2,235
"171",2017-01-18,3.73,0.68,3.77,7.08,0,0.43,0,5.22,231,0.78,1530,324,570
"172",2017-01-19,3.97,0.7,4.93,12.5,0,0.26,0,5.34,781,7.9,759,241,311
"173",2017-01-20,2.69,0.71,4.05,9.52,0,0.07,0,5.22,682,31.6,680,88.5,189
"174",2017-01-21,0.09,0.76,2.26,5.91,0,0.03,0,5.14,545,180,1170,139,261
"175",2017-01-22,0,0.75,1.85,4.75,0,0.02,0,19.5,172,124,297,43.3,130
"176",2017-01-23,0.08,0.8,1.81,3.83,0,0.01,0,30.6,73.6,28.2,80.7,18.5,67.1
"177",2017-01-24,0,0.65,2.49,3.79,0,0.01,0,19.7,41.9,12.5,35.8,10.4,44.5
"178",2017-01-25,0.08,0.5,1.39,4.02,0,0.01,0,14.7,26.4,6.83,20.6,7.05,34.7
"179",2017-01-26,0,0.31,1.15,3.99,0,0.01,0,10.7,16.7,3.87,12.4,5.11,25.5
"180",2017-01-27,0,0.55,1.77,4.01,0,0.01,0,8.11,10.7,2.88,8.02,3.98,21
"181",2017-01-28,0,0.72,1.07,3.72,0,0.01,0,6.8,7.07,2.51,6.13,3.24,18.1
"182",2017-01-29,0,0.77,1.05,3.68,0,0.01,0,5.81,5.54,2.36,5.26,2.64,16.8
"183",2017-01-30,0.17,0.74,1.1,3.68,0,0.01,0,5.11,4.96,2.2,4.74,2.28,15.6
"184",2017-01-31,0.08,0.6,2.26,3.61,0,0.01,0,4.54,4.45,2.21,4.4,2,16
"185",2017-02-01,0,0.39,1.47,3.85,0,0.01,0,4.59,4.28,2.23,4.35,1.82,16.4
"186",2017-02-02,0,0.12,1.79,3.95,0,0.01,0,4.53,4.09,2.32,4.33,1.65,16.5
"187",2017-02-03,0,0.34,1.53,3.78,0,0.01,0,4.17,3.53,2.02,4.67,1.8,15.9
"188",2017-02-04,0.03,0.37,2.39,3.98,0,0.01,0,4.04,2.96,2.01,3.75,1.31,13.6
"189",2017-02-05,0,0.39,3.08,4.12,0,0.01,0,4.18,2.96,2.07,3.57,1.29,14.2
"190",2017-02-06,0.62,0.39,3.82,4.24,0,0.01,0,4.02,2.88,2.23,3.53,1.66,15.7
"191",2017-02-07,0.36,0.27,3.67,4.57,0,0.01,0,4.15,2.62,2.06,3.1,1.71,16.8
"192",2017-02-08,0,0.32,2.74,4.73,0,0.01,0,4.05,2.27,2.03,3.15,1.83,17.1
"193",2017-02-09,0,0.4,2.53,3.92,0,0.01,0,3.67,1.87,1.87,3.34,1.63,16
"194",2017-02-10,0,0.28,2.16,2.98,0,0.01,0,3.6,1.71,1.89,3.3,1.56,14.1
"195",2017-02-11,0.02,0.41,2.15,3.35,0,0.01,0,3.5,1.73,1.92,3.14,1.4,14.7
"196",2017-02-12,0,0.42,1.88,3.44,0,0.01,0,3.56,1.59,1.97,3.21,1.19,15.1
"197",2017-02-13,0.19,0.35,1.5,3.91,0,0.01,0,3.41,1.68,1.9,3.3,0.89,15.1
"198",2017-02-14,0.2,0.41,2.31,5.29,0,23.5,0,6.44,52.6,4.34,38.6,78.4,155
"199",2017-02-15,0,0.2,1.53,10.5,0,6.55,0,6.64,142,31.4,28,27.5,125
"200",2017-02-16,0,0.2,2,7.6,0,1.9,0,5.51,63.5,34.7,11.2,12.9,53.1
"201",2017-02-17,0.29,0.26,2.71,4.17,0,1.41,0,5.41,30.8,14.7,7.34,9.08,38.1
"202",2017-02-18,0,0.26,2.44,3.31,0,1.17,0,5.17,19.3,8.22,8.62,5.93,34.4
"203",2017-02-19,0,0.25,2.21,3.25,0,1.02,0,4.96,12.8,4.39,6.52,4.3,25.6
"204",2017-02-20,6.21,0.27,95.2,5.23,0,78.2,0,43.1,474,1120,344,153,269
"205",2017-02-21,0.56,0.25,65,6.63,0,2.44,0,841,1580,844,280,114,241
"206",2017-02-22,0.02,0.16,28,6.26,0,0.48,0,528,465,108,72.4,47.4,120
"207",2017-02-23,0,0.15,8.45,4.08,0,0.17,0.05,142,80.6,29.9,28.7,23.4,66.8
"208",2017-02-24,0.01,0.23,4.89,3.49,0,0.12,0.29,55.7,42,13.8,15.5,14,44.9
"209",2017-02-25,0,0.15,3.69,3.03,0,0.09,0.12,32.6,25.4,6.38,8.77,9.55,29.5
"210",2017-02-26,0.02,0.21,1.96,2.94,0,0.08,0.03,23.7,16.6,3.16,6.03,7.46,23.6
"211",2017-02-27,0,0.21,1.2,3.14,0,0.07,0.01,19.1,12.5,2.2,4.99,6.68,23.2
"212",2017-02-28,0.11,0.22,1.13,3.39,0,0.06,0,16.5,9.91,1.98,4.37,5.9,22.5
"213",2017-03-01,0,0.09,1.22,3.48,0,0.05,0,14.1,7.98,1.93,3.87,5.15,22.1
"214",2017-03-02,0,0.04,3.19,3.02,0,0.05,0,11.9,6.16,1.64,3.28,4.78,17.7
"215",2017-03-03,0.19,0.17,2.19,2.84,0,0.04,0,10.5,4.76,1.4,2.99,4.09,15.5
"216",2017-03-04,22.4,0.28,9.78,3.41,0,0.05,0,9.84,4.13,1.29,3.09,3.75,15.6
"217",2017-03-05,8.12,0.24,78.8,7.92,0,0.06,0,12.1,28.5,13.8,554,4.92,22
"218",2017-03-06,1.77,0.18,65.8,15.6,0,0.05,0,10.4,63.1,48.4,603,6.25,39.1
"219",2017-03-07,1.04,0.18,18.7,5.81,0,0.04,0,9.31,43,34.5,163,5.75,32.1
"220",2017-03-08,0.82,0.23,29.5,3.01,0,0.04,0,8.5,58.2,124,66.3,5.75,25.9
"221",2017-03-09,1.71,0.39,68.9,2.71,0,0.04,0,8.17,32.5,101,30.6,5.19,26.2
"222",2017-03-10,21.9,0.43,423,2.72,0,0.04,0.3,10.7,25.9,30.4,16.7,4.83,25.9
"223",2017-03-11,31.8,0.26,940,3.26,0,0.05,10.6,14.1,78.3,628,39.1,8.23,31.2
"224",2017-03-12,3.2,0.25,742,4.28,0,0.05,18.7,137,996,1380,38,8.3,39.9
"225",2017-03-13,1.06,0.15,149,4.4,0,0.04,17.7,158,379,267,13.1,7.39,25.2
"226",2017-03-14,0.96,0.16,69.6,3.63,0,0.03,11.1,54.7,95.4,62.6,7.57,6.06,20.3
"227",2017-03-15,0.62,0.16,33.5,3.09,0,0.03,6.67,32.5,45.7,26.6,5.35,5.32,18.3
"228",2017-03-16,0.47,0.43,14.8,3.18,0,0.03,3.88,23.1,28.1,14.3,4.4,4.67,17
"229",2017-03-17,0.5,0.33,8.09,3.39,0,0.03,2.56,18.1,19.3,7.92,3.91,4.33,16.8
"230",2017-03-18,0.49,0.39,5.94,3.52,0,0.04,2.03,15,13.8,4.26,3.54,3.83,16.7
"231",2017-03-19,0.4,0.39,4.68,4.19,0,0.03,1.54,12.7,10.3,3.18,3.27,3.4,16.2
"232",2017-03-20,0.05,0.42,3.54,3.72,0,0.03,1.1,11.1,7.83,2.72,3.15,3.14,16.3
"233",2017-03-21,0.06,0.4,3.48,3.34,0,0.02,0.82,9.59,6.2,2.49,2.84,2.47,15.3
"234",2017-03-22,0.1,0.14,3.16,3.36,0,0.03,0.74,8.58,5.11,2.41,2.79,2.42,14.5
"235",2017-03-23,0.09,0.26,3.09,3.69,0,0.03,0.58,7.96,4.36,2.29,2.93,2.22,14
"236",2017-03-24,0.11,0.53,2.89,3.93,0,0.04,0.44,7.47,4.23,2.33,2.77,2.25,13.1
"237",2017-03-25,0.09,0.59,2.57,3.6,0,0.03,0.35,6.74,4.01,2.32,3.28,4.86,22.5
"238",2017-03-26,0.1,0.68,2.46,3.4,0,0.02,0.26,6.68,3.31,2.02,2.95,3.21,20.8
"239",2017-03-27,0.1,0.49,2.75,3.49,0,0.03,0.19,6.28,2.92,2.07,3.02,2.87,16.5
"240",2017-03-28,0.11,0.53,2.61,3.3,0,0.04,0.06,5.97,2.89,1.96,2.97,2.55,15.2
"241",2017-03-29,0.17,0.34,2.46,3.41,0,0.05,0,6.15,4.03,6.91,50.8,16.1,97
"242",2017-03-30,0.29,0.24,1.91,3.04,0,0.04,0,5.44,4.3,8.59,28.4,4.42,51.7
"243",2017-03-31,0.39,0.57,1.82,2.8,0,0.03,0,5.16,2.76,3,7.62,3.33,21.2
"244",2017-04-01,0.24,0.47,1.75,2.81,0,0.03,0,5.36,2.44,2.9,4.87,2.9,15.7
"245",2017-04-02,0.24,0.37,1.66,2.67,0,0.03,0,5.11,2.48,3.12,4.15,6.35,38.1
"246",2017-04-03,0.21,0.27,1.48,2.6,0,0.03,0,4.78,2.41,4.63,3.66,4.66,36.3
"247",2017-04-04,0.2,0.53,1.67,2.21,0,0.03,0,4.5,2.21,2.18,3.07,3.76,20.5
"248",2017-04-05,0.34,0.29,1.53,2.54,0,0.03,0,4.38,3.04,1.67,2.77,3.01,17.3
"249",2017-04-06,0.16,0.35,1.6,2.32,0,0.03,0,3.94,3.04,1.39,2.9,2.57,14.5
"250",2017-04-07,0.17,0.34,1.67,2.81,0,0.03,0,3.77,2.69,1.29,2.84,2.56,14.7
"251",2017-04-08,0.25,0.36,1.63,2.94,0,0.03,0,3.65,2.6,1.27,2.73,2.4,13.6
"252",2017-04-09,0.56,0.39,1.61,2.65,0,0.03,0,3.55,2.52,1.29,2.85,2.39,12.9
"253",2017-04-10,0.25,0.46,1.71,2.42,0,0.03,0,3.6,2.7,1.3,2.98,2.74,14.8
"254",2017-04-11,2.81,0.47,36.6,3.71,0,0.05,0,6.62,4.38,2.37,11.1,73.7,143
"255",2017-04-12,0.59,0.23,109,13.6,0,0.05,0,5.1,5.85,7.14,87.9,33.1,188
"256",2017-04-13,0.42,0.15,48.8,14.8,0,0.04,0.39,3.98,4.53,12.7,31.6,15.7,67.2
"257",2017-04-14,0.35,0.36,12.9,5.1,0,0.03,8.99,3.73,3.71,11.8,15.1,9.43,39.7
"258",2017-04-15,0.28,0.36,5.13,3.27,0,0.03,9.16,3.55,4.15,4.97,21,6.51,28.6
"259",2017-04-16,0.29,0.32,3.22,2.87,0,0.03,8.04,3.45,3.01,2.22,7.82,15.9,24
"260",2017-04-17,4.59,0.4,2.89,2.87,0,0.03,5.59,3.37,6.18,7.17,4.95,11.8,57.9
"261",2017-04-18,0.41,0.42,3.36,4.88,0,0.04,4.19,4.85,21.5,1150,319,13.9,80.5
"262",2017-04-19,0.1,0.41,2.97,11.9,0,0.03,3.83,3.75,34.4,563,207,14.4,100
"263",2017-04-20,0.14,0.38,2.62,6.27,0,0.03,2.63,3.41,20.7,59.2,54.9,7.36,58.7
"264",2017-04-21,0.08,0.23,2.27,3.49,0,0.03,1.43,3.19,11.9,22.7,21.7,5.48,32.6
"265",2017-04-22,0.89,0.26,2.04,2.71,0,0.03,0.92,2.9,8.08,11.2,10.9,4.48,29
"266",2017-04-23,0.16,0.36,1.68,2.26,0,0.02,0.58,2.56,5.67,6.45,6.57,3.58,18.6
"267",2017-04-24,0.08,0.37,1.84,2.06,0,0.02,0.39,2.34,4.48,4.39,4.85,3.17,15.2
"268",2017-04-25,0.14,0.23,2.1,2.02,0,0.02,0.27,3.92,4.33,3.9,4.25,3.53,18.6
"269",2017-04-26,0.15,0.26,1.84,2.14,0,0.02,0.18,2.59,4.85,3.91,3.85,3.18,25.6
"270",2017-04-27,0.24,0.22,1.69,2.23,0,0.02,0.03,2.02,4.16,3.48,3.62,2.86,21.4
"271",2017-04-28,0.3,0.17,1.21,2.33,0,0.02,0,3.36,3.57,3.53,3.48,2.24,19.3
"272",2017-04-29,0.31,0.12,1.15,2.02,0,0.02,0,22.4,2.97,3.62,3.93,2.28,15.8
"273",2017-04-30,0.33,0.22,0.99,1.91,0,0.02,0.21,7.31,3.53,4.07,3.82,2.82,13.8
"274",2017-05-01,0.19,0.23,1.16,1.76,0,0.02,0.01,2.69,3.4,3.4,3.27,3.31,12.3
"275",2017-05-02,0.23,0.31,1.24,1.97,0,0.02,0,1.85,3.35,3.38,3.11,3.27,13.1
"276",2017-05-03,0.52,0.23,1.45,2.12,0,0.02,0,1.72,3.48,3.42,3.36,4.04,16.3
"277",2017-05-04,1.19,0.18,1.36,1.96,0,0.02,0,2.13,3.78,3.49,5.39,4.16,21.2
"278",2017-05-05,4.87,0.09,1.09,1.69,0,0.02,0,1.98,3.13,3.21,3.59,3.95,12.4
"279",2017-05-06,4.39,0.19,1.32,1.75,0,0.01,0,1.7,2.6,3.15,3.11,3.47,10.6
"280",2017-05-07,4.36,0.26,1.15,1.73,0,0.01,0,1.49,2.03,3.22,3.08,3.75,10.9
"281",2017-05-08,4.43,0.29,1.1,1.68,0,0.01,0,1.5,1.65,3.19,3.04,4.29,11.8
"282",2017-05-09,4.3,0.19,1.11,1.75,0,0.02,0,1.59,1.52,3.33,3.04,4.41,12.4
"283",2017-05-10,3.44,0.11,1.44,2.02,0,0.02,0,1.71,1.61,3.23,3.07,4.82,13.1
"284",2017-05-11,3.72,0.06,1.29,2.38,0,0.01,0,1.73,1.42,3.23,2.73,4.87,12.1
"285",2017-05-12,3.92,0.03,1.07,2.69,0,0.01,0,1.9,1.14,3.11,2.79,4.93,13.7
"286",2017-05-13,4.08,0.12,1.19,2.57,0,0.01,0,1.59,0.68,2.81,3.07,4.77,11.5
"287",2017-05-14,4.19,0.17,1.01,2.59,0,0,0,1.64,0.41,2.84,3.09,4.85,11.4
"288",2017-05-15,4.28,0.17,0.96,2.36,0,0,0,1.48,0.33,2.51,3.02,4.91,11
"289",2017-05-16,4.22,0.18,1.07,1.8,0,0,0,1.37,0.27,1.93,3.22,5.99,13.1
"290",2017-05-17,4.14,0.1,1.1,1.91,0,0,0,1.5,0.41,2.16,3.01,4.53,13.9
"291",2017-05-18,3.08,0.29,1.17,2.13,0,0.01,0,1.72,0.75,2.14,2.72,4.52,13.1
"292",2017-05-19,0.97,0.28,1.07,2.07,0,0,0,1.85,0.65,2.36,2.63,4.44,15.1
"293",2017-05-20,3.57,0.21,0.97,1.82,0,0,0,0.89,0.39,2.42,3.67,5.55,28.8
"294",2017-05-21,2.88,0.49,1.01,1.6,0,0.04,0,0.94,0.45,2.24,3.84,6,58.8
"295",2017-05-22,4.03,0.51,1.01,1.63,0,0.06,0,1.03,51.5,369,105,79.8,160
"296",2017-05-23,2.33,0.36,2.02,2.01,0,0.04,0,2.5,71.4,182,28.9,30.3,159
"297",2017-05-24,0.92,0.23,2.38,6.24,0,0.02,0,2.57,24.6,83,61.4,18.4,57.6
"298",2017-05-25,0.28,0.12,2,18.9,0,0.02,0,1.11,12.7,23.2,10,12.1,35.6
"299",2017-05-26,0.13,0.08,2.36,6.94,0,0.02,0,0.68,8.19,10.7,4.85,9.25,26.7
"300",2017-05-27,0.14,0.16,1.42,3.77,0,0.01,0,0.43,6.34,5.8,3.78,7.65,22
"301",2017-05-28,0.13,0.22,1.01,2.85,0,0.01,0,0.27,5.93,3.49,3.41,8.47,19.9
"302",2017-05-29,30.7,2.13,133,2.95,0,0.02,0,0.37,7.07,5.95,294,46,116
"303",2017-05-30,3.17,0.32,235,3.12,0,0.01,0,0.29,6.63,5.81,44,17.7,60.5
"304",2017-05-31,1.43,0.25,92,4.44,0,0.01,0,0.26,4.83,3.3,9.49,12.1,37.6
"305",2017-06-01,0.59,0.13,105,3.87,0,0.01,0,1.45,4.77,16.9,69.6,29,101
"306",2017-06-02,0.23,0.08,204,3.27,0,0.01,0,7.98,4.39,31.4,61.2,17.7,66.8
"307",2017-06-03,0.02,0.15,146,3.01,0,0.01,0,13,3.61,10.3,41.3,14.6,44.7
"308",2017-06-04,2.81,0.21,49.8,2.94,0,0.02,0,10.2,3.23,20.2,38.3,50.5,150
"309",2017-06-05,3.17,0.21,130,17.8,0,0.03,0.26,125,3.65,217,129,26.3,141
"310",2017-06-06,0.59,0.21,141,21.7,0,0.02,0.91,105,3.93,236,130,16,51.3
"311",2017-06-07,0.17,0.21,62.1,7.44,0,0.01,0.16,35.9,3.62,29.3,27.1,11.4,34.8
"312",2017-06-08,0.02,0.22,21.3,3.47,0,0.01,0,20.6,2.37,9.63,10.9,8.97,20.9
"313",2017-06-09,0.84,0.22,8.64,2.62,0,0,0,12.6,1.15,5.22,6.63,7.53,14.7
"314",2017-06-10,2.12,0.14,5.39,2.14,0,0,0,8.49,0.66,3.41,5.35,6.87,12.2
"315",2017-06-11,1.85,0.2,3.6,1.99,0,0,0,5.92,0.37,2.91,3.92,6.67,11
"316",2017-06-12,1.15,0.16,3.38,1.8,0,0,0,4.53,0.19,2.63,3.66,6.23,11.8
"317",2017-06-13,0.37,0.14,4.16,1.83,0,0,0,3.56,0.15,2.71,3.98,9.09,19.7
"318",2017-06-14,0.18,0.09,2.16,1.9,0,0,0,2.86,0.09,2.62,3.56,5.54,25.6
"319",2017-06-15,0.12,0.06,1.93,1.71,0,0,0,1.99,0.07,2.37,3.1,4.64,13.4
"320",2017-06-16,0.56,0.13,1.87,1.46,0,0,0,1.43,0.04,2.15,2.95,4.39,8.9
"321",2017-06-17,0.65,0.15,2.05,1.49,0,0,0,1.16,0.01,2.23,3.38,4.28,6.53
"322",2017-06-18,0.7,0.2,1.96,1.49,0,0,0,0.76,0,1.9,3.35,4.79,5.03
"323",2017-06-19,0.79,0.16,1.7,1.48,0,0,0,0.57,0,2.12,3.35,5.19,4.74
"324",2017-06-20,0.78,0.16,1.81,1.45,0,0,0,0.33,0,2.06,3.28,5.02,5.7
"325",2017-06-21,0.14,0.09,1.66,1.24,0,0,0,0.19,0,2.04,2.74,5.01,6.24
"326",2017-06-22,0.05,0.01,1.42,1.11,0,0,0,11,0,1.75,3.1,7,15.5
"327",2017-06-23,0.42,0.01,1.55,1.21,0,0,0,3.65,0,2.63,3.35,5.31,12.3
"328",2017-06-24,1.86,0.01,1.87,1.48,0,0,0,1.98,1.28,3.27,29.8,6.26,49.5
"329",2017-06-25,0.39,0.11,71.8,4.95,0,0,0,5.75,5.33,2.13,50.6,49.8,171
"330",2017-06-26,1.13,0.23,78.2,8.56,0,0,0,7.69,8.73,12.1,86.9,5.64,43.8
"331",2017-06-27,1.66,0.17,30.4,7.96,0,0,0,15.3,39.7,31.6,377,5.15,14.7
"332",2017-06-28,0.41,0.11,109,14.6,0,0,0,6.76,47.9,15,124,5.01,8.94
"333",2017-06-29,0.14,0.13,72.3,11,0,0,0,4.42,18.4,19.8,22.4,5.53,8.51
"334",2017-06-30,0.04,0.22,20.6,4.87,0,0,0,1.85,8.88,11.6,7.83,4.31,8.07
"335",2017-07-01,0.07,0.16,7.83,2.61,0,0,0,0.97,5.79,7.32,5.19,4.16,5.93
"336",2017-07-02,0.1,0.09,5.01,2.04,0,0,0,0.54,4.37,3.98,4.25,4.04,4.83
"337",2017-07-03,0.09,0.13,4.52,1.68,0,0,0,0.31,3.02,2.64,3.5,4.13,4.61
"338",2017-07-04,0.09,0.13,3.95,0.94,0,0,0,0.18,1.72,1.99,3.09,4.01,4.17
"339",2017-07-05,0.07,0.14,3.67,1.07,0,0,0,0.1,0.78,1.7,3.96,4.14,4.09
"340",2017-07-06,0.47,0.14,3.33,1.32,0,0,0,0.09,0.3,1.63,3.23,4.09,4.44
"341",2017-07-07,0.12,0.17,3.06,1.62,0,0,0,0.1,0.22,1.74,2.99,31.6,7.18
"342",2017-07-08,0.12,0.14,3.19,29.1,0,0,0,0.12,0.25,1.64,3.07,8.52,41.6
"343",2017-07-09,0.1,0.16,2.97,19.4,0,0,0,0.09,0.23,1.45,2.76,28.4,38.7
"344",2017-07-10,0.08,0.14,2.68,5.64,0,0,0,0.06,0.16,1.46,3.01,597,550
"345",2017-07-11,0.04,0.15,2.28,3.46,0,0,0,0.05,0.09,1.41,3.39,510,429
"346",2017-07-12,0.05,0.1,1.96,2.67,0,0,0,0.04,0.03,1.41,2.93,180,276
"347",2017-07-13,2.25,0.06,1.88,2.29,0,0,0,0.04,0.02,1.4,2.78,49.1,168
"348",2017-07-14,0.43,0.16,1.94,2.33,0,0,0,0.05,0.1,1.45,2.89,17,91.2
"349",2017-07-15,0.02,0.21,4.07,2.22,0,0,0,0.04,0.05,1.54,2.92,9.65,56
"350",2017-07-16,0.01,0.15,1.71,20.6,0,0,0,0.05,0.02,1.72,3.46,5.75,51.5
"351",2017-07-17,0,0.1,1.18,26.2,0,0,0,0.04,0.01,1.47,3.04,3.91,31.6
"352",2017-07-18,0.02,0.25,1.26,7.69,0,0,0,0.04,0,1.33,4.16,3.34,24.7
"353",2017-07-19,0.01,0.2,2.43,4.49,0,0,0,0.09,0,1.46,3.13,3.09,24.2
"354",2017-07-20,0.01,0.19,2.21,3.25,0,0,0,0.07,0.34,1.52,2.86,2.45,20.6
"355",2017-07-21,0.04,0.19,1.7,2.63,0,0,0,0.05,0.11,1.61,2.99,2.05,16.2
"356",2017-07-22,0.06,0.24,1.45,2.64,0,0,0,0.04,0,1.69,3.06,2.43,41.8
"357",2017-07-23,0.11,0.29,1.16,2.23,0,0,0,0.03,0,1.52,2.89,1.72,45.9
"358",2017-07-24,0.11,0.31,1.28,1.97,0,0,0,0.01,0,1.47,2.76,1.4,22.1
"359",2017-07-25,0.08,0.26,1.03,1.74,0,0,0,0.01,0,1.47,2.46,1.02,16.2
"360",2017-07-26,0.17,0.16,1.04,1.65,0,0,0,0.01,0,1.48,2.45,0.76,12.8
"361",2017-07-27,0.01,0.1,1.05,1.51,0,0,0,0.01,0,1.43,2.69,0.75,9.99
"362",2017-07-28,0.01,0.22,1.17,1.38,0,0,0,0.01,0,1.38,2.55,0.63,9.75
"363",2017-07-29,0.02,0.25,1.07,1.18,0,0,0,0,0,1.38,2.85,0.79,9.39
"364",2017-07-30,0.01,0.32,0.89,1.14,0,0,0,0,0,1.36,3.15,0.76,9.82
"365",2017-07-31,0.45,0.35,1.11,1.43,0,0,0,0,0,1.34,2.99,0.84,7.89
"366",2017-08-01,0.06,0.25,0.98,1.68,0,0,0,0,0,1.32,2.61,0.75,6.72
"367",2017-08-02,0.01,0.16,0.92,1.47,0,0,0,0,0,1.34,3.85,1.77,9.85
"368",2017-08-03,0.03,0.11,0.94,1.44,0,0,0,0.07,0,7.01,3.24,1.98,17
"369",2017-08-04,0.1,0.23,0.94,1.83,0,0,0,0.05,0,50.1,2.59,5.06,35.8
"370",2017-08-05,0.52,0.33,0.91,2.59,0,0,0,0.03,0,65.8,3.33,1.72,36.4
"371",2017-08-06,0.53,0.17,0.9,2.72,0,0,0,0.05,0,19.2,3.44,0.94,22.7
"372",2017-08-07,4.04,0.22,1.4,1.94,0,0,0,0.02,0.03,8.57,3.23,15.6,66.6
"373",2017-08-08,1.09,0.34,3.95,1.63,0,0,0,0.01,0.01,4.37,15.6,370,617
"374",2017-08-09,0.42,0.32,4.45,1.57,0,0,0,0.01,0,3.04,34.8,120,265
"375",2017-08-10,1.35,0.4,3.53,1.59,0,0,0,0.07,0,3.05,25.7,35.7,132
"376",2017-08-11,0.57,0.29,3.44,1.39,0,0,0,0.11,0,14,15,14,68.3
"377",2017-08-12,0.08,0.39,3.74,1.32,0,0,0,0.03,0,8.08,9.86,6.27,42
"378",2017-08-13,0.02,0.2,2.54,1.07,0,0,0,0.01,0,4.91,6.43,3.78,29.4
"379",2017-08-14,0.43,0.24,1.86,1.23,0,0,0,0,0,2.22,4.97,2.82,23.7
"380",2017-08-15,0.02,0.29,2.02,1.53,0,0,0,0,0,1.66,3.65,2,19.9
"381",2017-08-16,0.01,0.3,1.61,1.69,0,0,0,0,0,1.66,3.46,1.37,17.2
"382",2017-08-17,0.06,0.23,1.58,1.91,0,0,0,0,0,1.65,3.09,0.9,14.6
"383",2017-08-18,0.01,0.14,2.03,1.65,0,0,0,0,0,1.62,3.18,0.44,13
"384",2017-08-19,0.01,0.35,1.37,1.4,0,0,0,0,0,1.53,3.05,0.25,11.7
"385",2017-08-20,0.01,0.24,1.05,1.5,0,0,0,0,0,1.47,3.11,0.22,9.28
"386",2017-08-21,0.04,0.15,1.05,1.57,0,0,0,0,0,1.6,3.05,0.26,9.32
"387",2017-08-22,0.37,0.39,1.5,1.56,0,0,0,0,0,1.42,3.12,0.32,8.64
"388",2017-08-23,1.46,0.37,2.17,1.53,0,0,0,0,0,1.3,2.8,3.99,10.2
"389",2017-08-24,2.1,0.28,1.78,5.32,0,0,0,0,0,1.25,3.03,1.51,17
"390",2017-08-25,8.23,0.4,10,4.78,0,0,40.7,34.9,11.6,49,56.4,1.21,13.4
"391",2017-08-26,6.09,0.65,110,21.4,0,824,1050,2130,1820,6410,2980,996,869
"392",2017-08-27,0.59,0.58,233,94.7,0,95.6,1510,3140,6020,6050,4710,3100,7490
"393",2017-08-28,0.1,0.6,163,37.7,0,104,1950,4380,3860,2670,5110,2760,11200
"394",2017-08-29,0.01,0.39,75.4,16.9,0,13.1,2280,3390,2260,1650,4710,2030,6450
"395",2017-08-30,0.01,0.63,33.1,10.5,0,2.98,2030,2190,762,422,1720,796,1280
"396",2017-08-31,0.01,0.58,13.2,6.6,0,1.1,1450,962,115,91.1,738,235,347
"397",2017-09-01,0.01,0.49,9.84,4.98,0,0.59,1190,410,47.2,31.1,438,68.1,183
"398",2017-09-02,0.01,0.67,7.66,4.54,0,0.45,1000,237,27,15.3,260,27.5,81.8
"399",2017-09-03,0.01,0.69,4.81,4.21,0,0.4,820,168,17.5,8.86,119,14.5,39
"400",2017-09-04,0.01,0.56,3.75,4,0,0.35,668,189,12.5,7.21,46.4,9.84,23.4
"401",2017-09-05,0.21,0.74,3.95,4.07,0,0.3,582,221,9.45,5.99,21.1,7.67,17.7
"402",2017-09-06,0.16,0.8,4.75,4.24,0,0.24,515,130,7.59,5.25,12.6,7.47,28.2
"403",2017-09-07,0.12,0.73,3.4,4.21,0,0.22,427,92.6,6.4,4.54,9.36,6.27,17
"404",2017-09-08,0.12,0.39,3.21,3.85,0,0.25,347,74.7,5.62,4.48,7.14,5.45,11.4
"405",2017-09-09,0.12,0.81,3.3,3.79,0,0.23,272,64.2,5.03,4.67,5.81,4.94,11.7
"406",2017-09-10,0.15,0.5,3.16,3.48,0,0.2,206,55.5,4.66,3.85,4.94,4.4,13.4
"407",2017-09-11,0.13,0.35,3,3.32,0,0.24,155,50.1,4.23,3.55,4.51,3.99,9.42
"408",2017-09-12,0.09,0.76,3.13,3.47,0,0.2,122,47.1,3.84,3.15,4.06,4,4.38
"409",2017-09-13,0.09,0.71,3.54,3.59,0,0.21,99.1,43.2,3.61,3.24,3.94,3.92,2.33
"410",2017-09-14,0.16,0.71,3.02,3.39,0,0.18,80.3,39.9,3.34,3.44,3.78,4.02,2.62
"411",2017-09-15,0.15,0.74,2.23,2.68,0,0.15,62.4,37.9,3.14,3.07,3.7,4.28,5.34
"412",2017-09-16,0.02,1.01,1.8,3.31,0,0.18,47.4,36.3,2.99,2.97,3.65,4.74,12.5
"413",2017-09-17,0.02,0.7,1.75,3.47,0,0.17,35.5,34.8,2.79,2.88,3.65,4.21,11.2
"414",2017-09-18,0.02,0.61,1.87,3.5,0,0.2,26,33.8,3.2,3.82,3.55,15.9,40.2
"415",2017-09-19,0.07,1.12,1.81,3.25,0,0.15,19.1,32.9,3.23,3.11,3.61,8.16,53.4
"416",2017-09-20,0.16,0.92,2.14,9.17,0,0.18,13,31.5,2.98,2.6,3.23,6.69,20.6
"417",2017-09-21,0.26,0.79,2.1,5.52,0,0.16,8.51,29.1,4.38,4.74,3.41,5.84,15.4
"418",2017-09-22,0.07,0.65,2.78,3.81,0,0.19,7.22,28.4,24,352,3.2,5.09,13.3
"419",2017-09-23,0,1.32,2.17,3.23,0,0.17,4.91,27.6,7.73,519,3.25,4.54,9.75
"420",2017-09-24,0,0.89,2.06,2.98,0,0.16,14.1,27,6.1,212,3.4,4.28,8.75
"421",2017-09-25,0,0.91,2.03,3.32,0,0.16,10.1,26.8,3.96,1480,4.01,4.01,9.27
"422",2017-09-26,0.02,1.44,1.92,3.89,0,0.17,7.9,27.2,6.89,2000,4.88,3.98,8.94
"423",2017-09-27,0.18,1.43,2.33,9.15,0,0.19,7.59,75.7,17.7,2120,5.3,3.69,7.27
"424",2017-09-28,2.87,1.67,4.33,49,0,0.17,12.2,148,58.8,1020,3.58,5.16,7.55
"425",2017-09-29,0.5,111,3.65,41.4,0,0.15,19.7,322,104,453,3.54,4.54,14
"426",2017-09-30,0.21,12.2,5.22,14.5,0,0.14,24.4,223,23.1,172,3.18,3.28,7.96
"427",2017-10-01,0.1,1.94,4.94,8.58,0,0.14,32,113,10.9,54.5,3.01,3.07,5.48
"428",2017-10-02,0.15,1.39,5.5,6.29,0,0.14,36.6,76.5,6.49,21.8,2.94,2.91,5.79
"429",2017-10-03,0.34,1.21,4.76,5.28,0,0.17,46.2,66.5,4.73,13.4,3.43,43.5,102
"430",2017-10-04,3.06,1.29,5.63,5.25,0,0.21,80.6,267,4.04,27.8,3.58,10.7,96.5
"431",2017-10-05,0.62,1.24,10.2,5.69,0,0.17,95.6,777,3.54,51.4,2.68,7.69,30.8
"432",2017-10-06,0.36,0.93,11.5,6.07,0,0.14,101,453,3.12,14.6,2.85,6.1,15.6
"433",2017-10-07,0.22,1.19,9.51,4.96,0,0.12,96.7,204,2.75,9.27,2.74,5.21,9.91
"434",2017-10-08,0.21,0.59,6.24,4.18,0,0.12,83.8,118,2.57,6.57,2.82,4.67,7.85
"435",2017-10-09,0.22,0.82,4.57,3.98,0,0.11,70,87.3,2.28,5.35,2.74,4.18,9.04
"436",2017-10-10,0.59,0.89,20.3,3.9,0,0.11,59.3,53.6,2.12,4.82,2.59,3.86,8.28
"437",2017-10-11,0.17,0.62,13.9,3.74,0,0.11,50.3,35.8,2.15,4.34,2.5,3.53,5.08
"438",2017-10-12,0.03,0.64,20.9,3.77,0,0.11,40.7,31.8,2.15,4.59,2.76,3.32,3.89
"439",2017-10-13,0.17,0.98,8.71,3.66,0,0.11,30.1,29.2,2.27,4.93,2.82,3.36,4.36
"440",2017-10-14,0.16,0.78,5.38,3.74,0,0.11,21.5,28.3,2.35,4.7,2.74,3.51,5.23
"441",2017-10-15,0.15,0.82,3.62,3.55,0,0.11,13.8,24.5,2.28,4.94,2.85,3.95,6.69
"442",2017-10-16,0.08,0.89,2.69,3.59,0,0.09,7.61,22.1,2.03,3.75,2.57,4.31,5.61
"443",2017-10-17,0.06,0.7,2.75,3.39,0,0.09,4.54,21,1.99,3.47,2.53,4.51,1.97
"444",2017-10-18,0.07,1.06,2.14,3.39,0,0.09,2.58,20.4,1.91,3.53,2.7,4.59,1.48
"445",2017-10-19,0.07,1.04,2.94,3.63,0,0.09,1.34,20.1,2.12,3.45,2.51,5.11,2.53
"446",2017-10-20,0.15,0.83,2.72,3.64,0,0.1,0.86,19.8,2.17,3.54,120,6.25,7.56
"447",2017-10-21,0.17,0.8,2.19,3.54,0,0.1,0.59,21,2.05,3.66,69,5.38,9.88
"448",2017-10-22,0.08,0.82,2.17,3.63,0,0.1,0.45,19.9,2.01,3.59,219,11.3,82.2
"449",2017-10-23,0.03,0.58,2.14,3.37,0,0.09,0.33,17.7,1.89,3.4,64.1,6.11,35.2
"450",2017-10-24,0.02,0.95,1.99,3.52,0,0.08,0.18,16.6,1.76,3.12,8.26,5.46,14.7
"451",2017-10-25,0.27,0.83,1.89,3.44,0,0.07,0.11,16.1,1.6,2.78,4.69,6.09,7.49
"452",2017-10-26,0.14,0.46,1.94,3.39,0,0.07,0.07,15.6,1.54,2.75,3.45,5.71,7.47
"453",2017-10-27,0.04,0.96,2.02,3.65,0,0.07,0.05,15.4,1.56,2.87,3.06,6.31,8.13
"454",2017-10-28,0.03,1.2,2.09,3.51,0,0.07,0.01,14.5,1.39,2.51,3.33,5.95,5.88
"455",2017-10-29,0.03,0.62,2.02,3.29,0,0.06,0,14.2,1.43,2.4,3.13,5.54,3.54
"456",2017-10-30,0.13,0.74,2.03,3.15,0,0.07,0,14.2,1.46,2.52,3.06,5.64,4.64
"457",2017-10-31,2.1,1.31,2.41,3.32,0,0.08,0.32,14.2,1.62,3.12,3.8,61.2,79.2
"458",2017-11-01,0.17,1.15,3.16,4.01,0,0.09,0.38,14.2,1.8,2.87,87,179,345
"459",2017-11-02,0.08,0.79,3.11,4.76,0,0.09,0.18,13.8,1.76,2.12,24.1,64.9,157
"460",2017-11-03,0.02,1.1,3.43,4.89,0,0.08,0.07,13.6,1.69,1.93,7.26,26.6,71.3
"461",2017-11-04,0.02,1.12,3.11,4,0,0.08,0.03,13.2,1.61,2.05,5.08,15.1,36.4
"462",2017-11-05,0.02,1.15,3.05,3.59,0,0.08,0.01,12.9,1.6,2.05,4.25,10.8,25.1
"463",2017-11-06,0.08,1.22,2.89,3.39,0,0.07,0,12.5,1.51,2.04,3.65,8.54,18.8
"464",2017-11-07,0.02,1.22,2.74,3.45,0,0.06,0,12.4,1.46,2,3.35,7.21,14.2
"465",2017-11-08,0.09,1.2,2.68,3.5,0,0.06,0,12.2,1.38,1.89,3.03,6.69,11.3
"466",2017-11-09,0.86,1.14,2.74,3.79,0,0.05,0,11.7,1.37,2.04,2.84,7.1,14.2
"467",2017-11-10,0.23,0.75,3.24,3.76,0,0.05,0,11.7,1.42,1.87,3,6.28,9.95
"468",2017-11-11,0.12,0.59,3.02,3.5,0,0.06,0,11.6,1.4,1.66,3.1,6.99,7.04
"469",2017-11-12,0.74,0.7,3.83,3.79,0,0.07,0,11.5,1.35,1.63,2.96,7.78,6.74
"470",2017-11-13,0.33,0.46,3.61,4.25,0,0.07,0,11.4,1.39,1.63,3.02,8.42,7.26
"471",2017-11-14,0.29,1.06,4.06,3.99,0,0.07,0,11.3,1.4,1.6,2.68,8.88,6.78
"472",2017-11-15,0.12,1.06,4.09,3.63,0,0.07,0,11,1.38,1.54,2.78,9.33,7.77
"473",2017-11-16,0.07,1.05,3.88,3.68,0,0.06,0,10.9,1.33,1.44,2.48,9.45,8.64
"474",2017-11-17,0.19,1.03,3.95,3.84,0,0.07,0,7.04,1.43,1.39,2.7,9.33,9.02
"475",2017-11-18,0.04,0.81,3.91,4.23,0,0.06,0,6.36,1.51,1.52,2.84,9.65,11.4
"476",2017-11-19,0.02,0.61,3.14,3.87,0,0.03,0,5.87,1.25,1.29,2.89,9.6,10.2
"477",2017-11-20,0.1,0.64,3.25,3.37,0,0.02,0,5.74,1.25,1.27,2.78,10.1,7.18
"478",2017-11-21,0.02,0.97,3.47,3.1,0,0.02,0,5.81,1.73,1.24,2.66,10.3,10.3
"479",2017-11-22,0.03,0.73,3.03,3.49,0,0.01,0,5.63,1.48,1.06,2.95,9.94,13.4
"480",2017-11-23,0.02,0.91,2.72,3.92,0,0.01,0,5.46,1.38,1,2.69,9.51,7.96
"481",2017-11-24,0.13,0.9,3.09,3.71,0,0,0,5.45,1.39,1.08,2.7,9.04,9.02
"482",2017-11-25,0.38,0.75,3.28,3.31,0,0,0,5.42,1.4,1.16,2.83,9.68,10.7
"483",2017-11-26,0.24,0.91,3.08,3.56,0,0,0,5.31,1.39,1.1,2.89,9.86,12.2
"484",2017-11-27,0.02,0.92,2.04,4.06,0,0,0,5.18,1.39,1.22,3.01,10.1,11.7
"485",2017-11-28,0.02,0.95,2.08,4.07,0,0,0,5.12,1.39,1.1,2.8,10.2,11.8
"486",2017-11-29,0.02,0.69,2.88,3.64,0,0,0,4.95,1.37,1.09,2.69,11,13.3
"487",2017-11-30,0.02,0.92,2.89,3.63,0,0,0,4.9,1.39,0.99,2.93,10.3,14.5
"488",2017-12-01,0.02,0.91,2.38,3.63,0,0,0,4.81,1.43,0.89,2.9,9.43,11.5
"489",2017-12-02,0.02,0.78,2.06,3.68,0,0,0,4.68,1.53,0.88,2.87,9.15,12.3
"490",2017-12-03,0.1,0.81,2.21,3.49,0,0,0,4.78,1.7,1.17,3.04,19,37
"491",2017-12-04,0.28,0.88,2.43,3.42,0,0,0,4.63,1.62,1.14,4.26,16.8,80.6
"492",2017-12-05,2.76,0.85,16,3.48,0,0,0,4.68,1.81,1.03,3.26,26.1,100
"493",2017-12-06,0.84,0.85,29.2,3.88,0,0.02,0,4.74,1.86,1.26,3.22,25.5,91.7
"494",2017-12-07,12.9,0.97,35.2,4.78,0,0.06,0.02,5.97,2.13,1.5,7.13,28,96.3
"495",2017-12-08,9.01,0.87,87.2,6.39,0,0.07,0.36,6.11,2.16,2.18,14.7,23.4,70.7
"496",2017-12-09,0.44,0.77,84.5,9.9,0,0.05,0.29,5.22,1.89,1.85,7.29,17,43.8
"497",2017-12-10,0.09,0.74,44.6,6.23,0,0.05,0.09,4.91,1.45,2.01,4.55,13.8,30.3
"498",2017-12-11,0.02,0.8,15,4.6,0,0.04,0.02,4.75,1.26,2.65,3.8,11.8,24.1
"499",2017-12-12,0.01,0.77,6.62,4.18,0,0.04,0,4.63,1.06,1.47,3.28,10.4,21.1
"500",2017-12-13,0.01,0.42,3.94,3.94,0,0.04,0,4.52,0.86,0.99,2.84,9.51,18.8
"501",2017-12-14,0.01,0.31,2.99,3.81,0,0.04,0,4.54,0.75,1.01,2.79,8.84,17.7
"502",2017-12-15,0.31,0.71,2.72,3.69,0,0.04,0,4.49,0.59,0.69,3.58,8.39,16.1
"503",2017-12-16,0.34,0.7,2.68,4.02,0,0.04,0,4.4,0.5,0.79,3.22,11.6,15.7
"504",2017-12-17,0.03,0.69,2.83,4.46,0,0.06,0,4.49,0.46,1.03,14.7,21.6,77.4
"505",2017-12-18,1.34,0.71,2.87,4.5,0,0.06,0,4.58,0.4,0.75,6.06,14.3,46.2
"506",2017-12-19,0.44,0.74,3.3,5.34,0,0.06,0,4.66,0.3,0.73,4.88,13.2,37.7
"507",2017-12-20,0.02,0.74,3.62,15.2,0,0.06,0,4.63,0.26,0.91,4.66,18.7,54.1
"508",2017-12-21,0,0.72,3.65,9.35,0,0.06,0,4.52,0.24,2,4.32,14.4,40.9
"509",2017-12-22,0,0.72,4.34,5.26,0,0.06,0,4.77,0.29,1.44,3.6,13.1,34.8
"510",2017-12-23,0,0.71,3.32,4.22,0,0.05,0,4.86,0.21,1.32,3.25,11.8,29.9
"511",2017-12-24,0,0.7,2.94,4.01,0,0.05,0,4.81,0.19,1.26,3,10.5,24.6
"512",2017-12-25,0,0.63,2.7,4,0,0.05,0,4.54,0.18,1.24,2.83,9.79,18.7
"513",2017-12-26,0,0.68,2.66,3.89,0,0.05,0,4.7,0.21,1.27,2.65,9.86,20.4
"514",2017-12-27,0,0.65,2.78,3.89,0,0.05,0,4.81,0.22,1.28,3.56,10.7,30.4
"515",2017-12-28,0.01,0.64,2.78,3.96,0,0.06,0,4.62,0.27,1.23,4.36,10.3,25.4
"516",2017-12-29,0.02,0.39,2.86,3.87,0,0.06,0,4.67,0.29,1.16,3.02,9.78,20.9
"517",2017-12-30,0.01,0.31,5.45,3.79,0,0.06,0,4.82,0.39,1.11,2.93,9.69,19.7
"518",2017-12-31,0.01,0.6,3.56,3.87,0,0.06,0,4.93,0.33,1.1,2.88,9.81,21.4
"519",2018-01-01,0.01,0.56,3.08,3.97,0,0.05,0,4.77,0.24,1.02,2.79,9.6,19.9
"520",2018-01-02,0.02,0.61,2.8,4,0,0.05,0,4.69,0.21,0.97,2.84,9.43,17.5
"521",2018-01-03,0.02,0.64,2.92,4.38,0,0.05,0,4.9,0.21,0.93,2.97,9.54,17.3
"522",2018-01-04,0.36,0.35,4.89,4.33,0,0.06,0,5,0.24,0.94,2.65,9.81,16.9
"523",2018-01-05,0.25,0.37,4.31,4.06,0,0.06,0,5.17,0.27,0.94,3.03,9.66,17.4
"524",2018-01-06,0.05,0.58,3.35,4.37,0,0.06,0,5.24,0.3,0.99,2.81,9.54,18
"525",2018-01-07,0.02,0.56,3.29,4.42,0,0.06,0,5.4,0.35,1.2,2.83,11.8,25.9
"526",2018-01-08,0.16,0.59,3.28,4.36,0,0.06,0,5.55,0.37,1.18,5.07,45.6,235
"527",2018-01-09,0.64,0.65,3.9,3.95,0,0.06,0,5.56,0.31,1.12,3.41,16.6,67.5
"528",2018-01-10,0.03,0.57,3.44,3.98,0,0.06,0,5.41,0.38,1.12,2.92,13.4,39.5
"529",2018-01-11,0.08,0.47,3.17,4.06,0,0.06,0,5.79,0.46,1.25,6.28,59.2,124
"530",2018-01-12,0,0.35,2.58,4.25,0,0.05,0,5.98,0.36,1.29,7.72,38.8,168
"531",2018-01-13,0,0.39,2.03,4.27,0,0.04,0,5.59,0.3,1.03,4.02,23,71.6
"532",2018-01-14,0.01,0.46,1.86,4.06,0,0.04,0,5.62,0.3,1.03,3.32,15.9,33.9
"533",2018-01-15,0.01,0.49,2.65,3.97,0,0.05,0,5.9,0.33,1.09,3.03,12.4,23.7
"534",2018-01-16,0,0.51,2.3,4.33,0,0.06,0,6.03,0.35,1.18,3.25,13.9,32.5
"535",2018-01-17,0,0.33,2.05,4.22,0,0.05,0,5.78,0.31,1.14,3.32,12,26.8
"536",2018-01-18,0,0.31,2.1,4.57,0,0.05,0,5.82,0.33,1.12,3.29,11,21.4
"537",2018-01-19,0.01,0.55,2.32,4.67,0,0.08,0,6.01,0.41,1.13,3.1,10.4,17.9
"538",2018-01-20,0,0.57,3.88,5.04,0,0.08,0,6.12,0.43,1.3,3.92,10.4,18
"539",2018-01-21,0,0.58,4.16,8.04,0,0.07,0,6.18,0.49,1.41,3.62,9.84,20.5
"540",2018-01-22,0,0.61,4.31,5.25,0,0.07,0,5.96,0.47,1.28,3.37,10.5,22.6
"541",2018-01-23,0.03,0.62,3.9,4.47,0,0.06,0,5.63,0.41,1.2,3.02,9.28,16
"542",2018-01-24,0.02,0.61,3.56,4.14,0,0.06,0,5.26,0.3,1.11,2.79,8.66,12.4
"543",2018-01-25,0,0.63,3.98,3.9,0,0.06,0,5.17,0.24,1.28,2.72,8.17,9.76
"544",2018-01-26,0,0.61,4.37,4.18,0,0.06,0,5.24,0.24,1.2,2.79,7.85,8.49
"545",2018-01-27,4.44,0.6,49.7,4.01,0,0.07,0,5.65,0.28,1.31,9.1,36.7,123
"546",2018-01-28,0.65,0.74,15.8,3.72,0,0.07,0,5.8,0.28,1.36,19.6,21.1,92.9
"547",2018-01-29,0.09,0.71,8.78,3.93,0,0.06,0,5.42,0.25,1.08,7.34,16,44.8
"548",2018-01-30,0.01,0.72,10.3,4.22,0,0.06,0,5.1,0.23,1.03,5.15,12.6,25.9
"549",2018-01-31,0,0.74,6.64,4.02,0,0.06,0,5.09,0.24,1.12,4.4,10.7,19.2
"550",2018-02-01,0,0.78,4.57,3.8,0,0.06,0,5.18,0.25,1.07,3.69,9.56,16.9
"551",2018-02-02,0,0.79,3.9,3.96,0,0.06,0,4.77,0.23,1.1,3.33,8.66,14.5
"552",2018-02-03,0,0.65,3.9,4.12,0,0.06,0,4.51,0.25,1.03,3.17,8.55,9.99
"553",2018-02-04,0,0.82,3.63,4.04,0,0.07,0,4.54,0.28,1.12,3.14,8.39,14.5
"554",2018-02-05,0,0.87,3.26,3.97,0,0.07,0,4.4,0.26,1.07,3.1,7.98,12.2
"555",2018-02-06,0,0.89,3.4,3.97,0,0.07,0,4.46,0.29,0.99,2.84,7.79,11.5
"556",2018-02-07,0,0.9,3.83,4.15,0,0.07,0,4.5,0.3,0.94,2.83,20.9,60.6
"557",2018-02-08,0,0.9,3.2,4.19,0,0.06,0,4.2,0.2,0.97,2.88,16.4,65.9
"558",2018-02-09,0.11,0.7,3.4,4.11,0,0.07,0,4.39,0.21,1.01,2.82,13.3,34.4
"559",2018-02-10,0,0.89,3.78,3.93,0,0.07,0,4.65,0.28,1.16,771,168,310
"560",2018-02-11,0,0.89,3.22,4.08,0,0.07,0,4.6,0.2,0.99,268,78.6,203
"561",2018-02-12,0,0.94,3.19,4.29,0,0.07,0,4.2,0.17,0.87,62.5,33.9,90.8
"562",2018-02-13,0,0.94,3.47,4.09,0,0.07,0,4.34,0.21,0.87,27.4,21.4,51.4
"563",2018-02-14,0,0.7,3.34,3.84,0,0.07,0,4.5,0.24,0.91,18.6,15.4,40.8
"564",2018-02-15,0,1,3.71,3.99,0,0.07,0,4.53,0.26,0.87,15,12.6,33.7
"565",2018-02-16,0.01,0.79,3.33,4.27,0,0.07,0,4.42,0.29,0.82,12.7,10.9,30.4
"566",2018-02-17,0.19,1.02,3.28,4.38,0,0.07,0,4.46,0.29,0.79,11.8,9.73,25.8
"567",2018-02-18,0,1.03,3.09,4.13,0,0.07,0,4.23,0.28,0.91,11.1,8.76,23.3
"568",2018-02-19,0.04,1.11,3.45,4.06,0,0.07,0,4.19,0.27,0.9,10.2,8.36,24
"569",2018-02-20,0.34,1.1,3.3,4.25,0,0.07,0,5.25,0.34,1.02,9.52,8,25.9
"570",2018-02-21,1.27,1.19,3.92,5.43,0,0.66,0,8.19,0.48,1,13.8,115,325
"571",2018-02-22,0,1.13,4.92,7.75,0,0.26,0,10.4,0.62,0.92,19.3,72,310
"572",2018-02-23,0,1.19,5.13,7.34,0,0.15,0,8.91,0.61,0.86,13.4,29.8,138
"573",2018-02-24,0,1.23,5.24,5.24,0,0.13,0,8.41,0.78,1.67,11.6,19.6,82.1
"574",2018-02-25,0,1.25,4.8,4.59,0,0.12,0,8.33,1.02,1.68,10.6,389,533
"575",2018-02-26,0.1,1.3,4.69,4.75,0,0.12,0,9.12,0.9,1.12,10.6,347,490
"576",2018-02-27,0,1.26,4.37,4.63,0,0.12,0,7.62,0.62,1.15,9.62,137,257
"577",2018-02-28,0,0.94,4.92,4.63,0,0.12,0,7.01,0.47,1.12,9.22,44,129
"578",2018-03-01,0,1.18,4.13,4.58,0,0.11,0,6.24,0.37,0.88,9.11,25.2,80.6
"579",2018-03-02,0,0.88,3.81,4.52,0,0.1,0,5.6,0.28,0.99,8.85,16.6,49.5
"580",2018-03-03,0.03,1.12,3.84,4.37,0,0.11,0,5.66,0.26,0.86,8.53,12.5,31.3
"581",2018-03-04,0,1.1,4.87,4.23,0,0.11,0,5.81,0.26,0.87,8.48,10.5,24.4
"582",2018-03-05,0.03,1.11,4.69,4.51,0,0.11,0,5.7,0.26,0.91,8.55,9.69,23.2
"583",2018-03-06,2.58,1.39,8.55,4.89,0,0.13,0,7.09,2.52,0.91,10.4,9.18,22.4
"584",2018-03-07,0.45,1.03,49.4,5.24,0,0.11,0,5.82,1.97,1.6,11.9,8.27,19.4
"585",2018-03-08,0.01,0.76,53.9,8.49,0,0.1,0,5.26,1.38,13.4,9.32,7.43,17.3
"586",2018-03-09,0,0.95,18.6,6.28,0,0.11,0,5.34,1.29,5.71,8.83,7.01,15
"587",2018-03-10,0,1.06,8.13,5.48,0,0.12,0,5.41,1.31,1.65,8.46,6.54,12.1
"588",2018-03-11,0,1.18,5.17,4.7,0,0.11,0,5.3,1.24,1.05,8.46,6.34,13
"589",2018-03-12,0,1.19,3.63,3.89,0,0.11,0,4.94,0.98,0.84,7.99,5.98,11
"590",2018-03-13,0,1.2,3.13,3.6,0,0.11,0,4.84,0.93,0.88,8.05,5.78,9.46
"591",2018-03-14,0,0.95,2.85,3.68,0,0.11,0,4.69,0.82,0.75,7.96,5.74,9.72
"592",2018-03-15,0,1.15,2.73,3.97,0,0.11,0,4.7,0.79,0.68,8.43,5.74,9.2
"593",2018-03-16,0,1.14,2.47,4.07,0,0.12,0,4.94,0.9,1.47,8.15,6.5,11
"594",2018-03-17,0,1.1,2.52,3.65,0,0.12,0,4.93,0.97,1.06,8.35,5.58,12.2
"595",2018-03-18,0.1,1.08,2.84,3.73,0,0.12,0,4.94,0.99,1.02,8.11,6.12,12.2
"596",2018-03-19,0,1.08,2.87,3.96,0,0.12,0,4.74,0.91,0.93,8.29,6.27,12.5
"597",2018-03-20,0,0.87,2.63,3.91,0,0.1,0,4.55,0.48,0.71,7.87,5.98,11.3
"598",2018-03-21,0.09,0.55,2.36,3.69,0,0.1,0,4.3,0.31,0.98,7.66,5.84,10
"599",2018-03-22,0,0.43,1.75,3.69,0,0.1,0,4.42,0.31,0.86,8.13,5.27,10.1
"600",2018-03-23,0.01,0.93,1.71,3.65,0,0.12,0,4.58,0.34,0.75,8.1,4.78,12.2
"601",2018-03-24,0.01,0.92,1.65,3.51,0,0.12,0,4.57,0.45,0.83,8.06,4.94,13.1
"602",2018-03-25,0.01,0.64,1.6,3.45,0,0.12,0,4.61,0.52,0.87,7.93,5.16,14.6
"603",2018-03-26,0.04,0.69,1.56,3.69,0,0.12,0,4.52,0.44,0.91,7.9,5.17,15.2
"604",2018-03-27,0.1,0.62,2,3.45,0,0.12,0,4.41,0.41,0.99,8.24,5.39,15.3
"605",2018-03-28,0.13,0.35,1.69,3.51,0,0.13,0,4.59,0.48,1.02,7.78,185,243
"606",2018-03-29,3.95,0.45,5.34,4.55,0,0.15,4.53,13.6,12.6,676,249,791,989
"607",2018-03-30,0.51,0.41,16.3,16.1,0,0.13,1.18,17.7,2.55,184,103,245,299
"608",2018-03-31,0.2,0.54,11.7,7.99,0,0.12,0.18,12.3,1.54,25.1,19.9,63.9,147
"609",2018-04-01,0.16,0.63,7.19,4.5,0,0.12,0.05,8.82,0.79,7.97,8.74,29.4,71.5
"610",2018-04-02,0.42,0.62,5.28,3.9,0,0.13,0.01,11.5,0.41,2.55,5.71,17.6,48.2
"611",2018-04-03,0.16,0.53,4.31,3.55,0,0.13,0,7.48,0.26,1.8,4.73,12,36.3
"612",2018-04-04,0.73,0.35,3.59,3.53,0,0.12,0,6.02,0.25,1.6,3.9,9.11,28.3
"613",2018-04-05,0.5,0.37,3.96,3.26,0,0.12,0,5.79,0.25,1.59,3.43,7.05,21.7
"614",2018-04-06,0.14,0.41,4.1,3.16,0,0.14,0,7.16,0.3,1.45,5.16,6.07,20.6
"615",2018-04-07,0.2,0.39,3.79,3.41,0,0.14,0,6.17,0.28,1.3,3.6,5.69,21.6
"616",2018-04-08,0.02,0.48,3.88,3.91,0,0.13,0,5.23,0.26,1.17,3.7,5.06,18.5
"617",2018-04-09,0.63,0.5,3.48,3.49,0,0.13,0,5.11,0.28,1.15,3.45,4.8,19
"618",2018-04-10,0.05,0.48,3.61,3.4,0,0.13,0,5.12,0.35,1.07,2.78,4.34,18.9
"619",2018-04-11,0.01,0.36,3.25,3.26,0,0.12,0,4.51,0.6,0.91,2.61,4.12,17.5
"620",2018-04-12,0.13,0.38,3.58,3.01,0,0.12,0,4.52,0.96,0.86,2.35,3.8,16.6
"621",2018-04-13,0.3,0.38,3.32,2.85,0,0.13,0,7.65,0.72,1.03,2.56,3.66,17.5
"622",2018-04-14,0.21,0.45,3.32,2.95,0,0.16,0,5.07,0.87,1.12,6.42,29,76.1
"623",2018-04-15,0.2,0.44,3.59,3.04,0,0.13,0,3.75,0.65,0.94,4.35,10.1,45.3
"624",2018-04-16,0.17,0.45,3.02,2.89,0,0.12,6.52,3.48,0.61,0.88,2.9,7.12,30.2
"625",2018-04-17,0.24,0.67,2.87,2.65,0,0.11,6.93,3.43,0.63,0.82,2.85,5.43,23.5
"626",2018-04-18,0.58,0.49,2.89,2.42,0,0.11,4.52,3.47,0.63,0.72,2.53,4.31,20.4
"627",2018-04-19,0.29,0.51,2.86,2.47,0,0.1,2.05,3.41,0.55,0.69,2.63,3.48,20.1
"628",2018-04-20,0.34,0.72,2.59,2.82,0,0.1,0.9,3.35,0.44,0.66,2.52,2.83,15.5
"629",2018-04-21,0.57,0.7,2.56,2.69,0,0.11,0.49,3.65,0.55,0.7,2.97,16.3,21.6
"630",2018-04-22,0.25,0.68,3,3.14,0,0.15,0.33,4.4,0.79,0.92,106,65.6,152
"631",2018-04-23,0.23,0.57,2.58,8.64,0,0.13,0.21,3.66,0.58,0.66,28.5,21.4,70.9
"632",2018-04-24,0.24,0.47,2.5,5.78,0,0.11,0.08,3.29,0.49,0.6,8.67,11.8,41.4
"633",2018-04-25,2.28,0.3,2.53,3.9,0,0.09,0.05,3.17,0.39,0.48,5.43,7.66,30.5
"634",2018-04-26,0.2,0.1,2.8,3.25,0,0.08,0.01,3.3,0.33,0.42,4.06,5.93,24.8
"635",2018-04-27,0.06,0.11,2.86,2.99,0,0.07,0,3.12,0.25,0.36,3.13,4.61,21.3
"636",2018-04-28,0,0.24,2.76,2.77,0,0.06,0,2.97,0.1,0.34,2.99,3.75,19.2
"637",2018-04-29,0,0.3,2.61,2.57,0,0.04,0,2.82,0.06,0.36,2.79,3.44,17.4
"638",2018-04-30,0.02,0.33,2.86,2.76,0,0.04,0,2.78,0.05,0.42,2.51,3.33,18.5
"639",2018-05-01,0.01,0.34,2.78,3.07,0,0.03,0,2.87,0.05,0.32,2.32,3.1,16.7
"640",2018-05-02,0.01,0.16,2.62,3.23,0,0.03,0,2.94,0.05,0.39,2.53,3.01,16.4
"641",2018-05-03,0.01,0.2,2.38,2.9,0,0.02,0,2.72,0.02,0.42,2.41,2.32,16.4
"642",2018-05-04,0.02,0.23,2.36,2.68,0,0.02,0,2.56,0.01,0.5,2.17,2.29,14.4
"643",2018-05-05,0.57,0.33,2.74,2.82,0,0.02,0,2.55,0.01,0.53,2.43,54.2,96.7
"644",2018-05-06,0,0.31,2.51,2.75,0,0.01,0,2.26,0.01,0.47,2.18,20.8,69.9
"645",2018-05-07,1.29,0.34,2.33,2.44,0,0.01,0,1.94,0,0.38,2.14,12,42.4
"646",2018-05-08,0.01,0.32,2.57,2.36,0,0,0,1.77,0,0.31,2.14,7.56,31.5
"647",2018-05-09,0,0.17,2.35,2.26,0,0,0,1.66,0,0.26,2.07,5.38,24.9
"648",2018-05-10,0,0.13,2.1,2.48,0,0,0,1.62,0,0.3,2.17,4.17,20.6
"649",2018-05-11,0.01,0.35,2.09,2.43,0,0,0,1.5,0,0.35,2.29,3.36,17.9
"650",2018-05-12,0.01,0.28,1.91,2.25,0,0,0,1.43,0,0.39,2.18,2.98,17
"651",2018-05-13,0.01,0.27,1.84,2.17,0,0,0,1.34,0,0.39,2,2.73,16.7
"652",2018-05-14,0,0.37,2.26,2.34,0,0,0,1.22,0,0.39,2.22,2.32,16.9
"653",2018-05-15,0,0.39,2.56,2.5,0,0,0,1.2,0,0.41,2.3,1.88,15.3
"654",2018-05-16,0.01,0.38,2.4,2.19,0,0,0,1.12,0,0.35,2.19,1.55,13.7
"655",2018-05-17,0,0.23,2.22,2.22,0,0,0,1.04,0,0.38,1.74,1.4,14.2
"656",2018-05-18,0.01,0.14,2.26,2.23,0,0,0,0.93,0,0.4,1.85,1.33,14.2
"657",2018-05-19,0.01,0.3,2.14,2.1,0,0,0,0.89,0,0.29,1.76,1.32,13.6
"658",2018-05-20,2.37,0.46,2.19,2.05,0,0,0,0.88,0.01,0.33,1.91,326,228
"659",2018-05-21,1.36,0.48,6.37,2.48,0,0.01,0,1.09,0,0.49,2.02,246,369
"660",2018-05-22,0.01,0.37,45.5,5.59,0,0,0,0.97,0.01,1.34,2.08,93.6,165
"661",2018-05-23,0,0.24,14.7,5.17,0,0,0,0.84,0,0.67,11.6,29.3,79.7
"662",2018-05-24,0.01,0.09,5.83,2.85,0,0,0,0.87,0.02,0.56,14.7,13.1,45.1
"663",2018-05-25,0.32,0.15,3.64,2.42,0,0,0,0.68,0,0.46,3.53,6.65,30.1
"664",2018-05-26,0.11,0.32,2.94,2.09,0,0,0,0.61,0,0.46,2.89,4.05,24.4
"665",2018-05-27,0.02,0.41,2.45,1.75,0,0,0,0.52,0,0.37,2.33,14.1,24.2
"666",2018-05-28,0.1,0.44,2.2,1.54,0,0,0,0.47,0,0.29,1.91,3.67,39.8
"667",2018-05-29,0.3,0.35,2.36,1.64,0,0,0,0.4,0,0.33,1.99,2.03,21.2
"668",2018-05-30,0.08,0.23,1.6,1.77,0,0,0,0.39,0,0.33,2.06,1.58,15.9
"669",2018-05-31,0,0.05,1.35,1.86,0,0,0,0.3,0,0.32,2.06,1.44,13.7
"670",2018-06-01,0.17,0.04,1.21,1.92,0,0,0,0.28,0,0.28,1.76,0.73,13.2
"671",2018-06-02,0,0.27,1.14,1.88,0,0,0,0.24,0,0.26,2.24,1.3,10.9
"672",2018-06-03,0,0.37,1.05,1.94,0,0,0,0.24,0,0.27,2.21,0.79,10
"673",2018-06-04,0.01,0.5,1.13,1.75,0,0,0,0.2,0,0.22,1.95,1.24,11.9
"674",2018-06-05,0,0.42,0.95,1.54,0,0,0,0.19,0,0.23,2.14,0.88,11.4
"675",2018-06-06,0.01,0.36,0.99,1.44,0,0,0,0.14,0,0.23,2.02,0.79,10.2
"676",2018-06-07,0.13,0.05,1.06,1.4,0,0,0,0.14,0,0.2,1.92,0.84,9.18
"677",2018-06-08,0.12,0.29,1.04,1.32,0,0,0,0.1,0,0.28,2.01,0.62,9.02
"678",2018-06-09,0.03,0.22,1.12,1.21,0,0,0,0.16,0,0.28,2.19,0.46,8.72
"679",2018-06-10,0.05,0.18,1.03,1.11,0,0,0,0.11,0,0.28,2.65,0.43,9.12
"680",2018-06-11,0.09,0.49,0.95,1.46,0,0,0,0.09,0,0.22,2.27,0.51,8.75
"681",2018-06-12,0.07,0.51,0.89,1.43,0,0,0,0.06,0,0.21,2.08,0.46,8.59
"682",2018-06-13,0.66,0.24,0.91,1.59,0,0,0,0.06,0,0.2,2.49,0.65,8.87
"683",2018-06-14,0.01,0.05,0.9,1.74,0,0,0,0.05,0,0.19,2.56,1.59,10.2
"684",2018-06-15,0.1,0.27,0.9,1.66,0,0,0,0.04,0,0.3,2.81,0.28,9.7
"685",2018-06-16,0.03,0.49,0.94,1.69,0,0,0,0.04,0,0.3,2.86,0.27,10.2
"686",2018-06-17,0.04,0.49,0.92,1.53,0,0,0,0.15,0,0.37,2.83,2.82,16.8
"687",2018-06-18,0.19,0.51,1.18,1.62,0,0,0,0.2,0,0.39,6.53,2.63,28.5
"688",2018-06-19,23.8,2940,152,428,13.9,0.03,45.4,1960,0.39,1.21,81.5,49.9,123
"689",2018-06-20,29,2530,1720,2080,32.2,0.82,898,4130,262,1770,812,83.4,157
"690",2018-06-21,35,473,2230,783,3.58,0.69,1490,7370,901,2790,868,152,191
"691",2018-06-22,10.8,85.2,1500,217,1.04,0.24,1700,9320,251,1260,242,45,79.7
"692",2018-06-23,1.65,6.96,401,69.4,0.23,0.1,1500,5460,59.6,155,58.1,15.7,39.9
"693",2018-06-24,0.47,3.27,91.2,32,0.01,0.05,1260,2200,24.1,37.3,24.8,7.63,26.6
"694",2018-06-25,2.71,2.41,42.9,20.9,0,0.04,861,711,24.5,33.4,12,73.5,45.3
"695",2018-06-26,0.98,1.69,15.2,15.1,0,0.03,436,301,15.1,31.6,6.46,8.15,70.2
"696",2018-06-27,0.27,1.96,8.83,12,0,0.02,292,167,6.91,9.45,4.56,3.89,30.1
"697",2018-06-28,0.06,1.89,7.6,9.89,0,0.01,225,110,4.18,5,3.51,4.07,21.6
"698",2018-06-29,0.79,1.51,4.17,8.6,0,0.01,173,78.1,2.97,3.72,3.18,2.5,19.9
"699",2018-06-30,0.57,0.84,4.37,7.39,0,0,126,59.6,2.3,3.32,2.95,1.94,16
"700",2018-07-01,0.36,0.75,2.98,6.51,0,0,87.9,44.7,1.84,4.6,2.71,1.59,15.3
"701",2018-07-02,0.6,1.48,2.77,6.27,0,0,64.1,34.9,1.48,3.35,2.54,1.37,14
"702",2018-07-03,0.08,1.08,2.28,5.8,0,0,50.2,28.5,1.16,3.76,2.67,1.02,14.5
"703",2018-07-04,0.72,0.83,1.77,5.56,0,0,40.6,32.4,0.98,3.21,5.04,761,709
"704",2018-07-05,0.46,0.92,3.52,12.7,0,0.01,60,58.5,2.07,28.8,15,212,365
"705",2018-07-06,1.91,1.11,11.6,104,0.33,0,115,294,1.36,141,6,54.1,160
"706",2018-07-07,1.4,1.09,9.84,244,0.36,0,254,781,0.99,235,14.9,18.8,71
"707",2018-07-08,2.21,0.99,79.1,85.6,0.07,0,237,776,12.6,119,7.07,11.3,41.9
"708",2018-07-09,0.11,1.35,16.9,32.3,0.01,0,207,480,19.6,144,11,20.8,47
"709",2018-07-10,0.11,1.63,15.9,16,0,0,146,376,11.3,60.9,19,6.95,50.9
"710",2018-07-11,0.53,1.71,8.14,7.5,0,0,89.5,173,5.64,48.2,9.22,5.33,26.1
"711",2018-07-12,0.15,0.81,5.28,4.34,0,0,53.3,69.2,3.15,17.5,5.21,56.4,51
"712",2018-07-13,0.36,1.49,4.53,3.81,0,0,31.7,47.3,1.63,7.04,3.96,207,210
"713",2018-07-14,0.45,1.46,3.87,2.98,0,0,22.8,43.5,0.91,3.61,3.43,92.4,155
"714",2018-07-15,0.17,1.4,3.14,2.44,0,0,15.9,41.6,0.54,3.19,3.06,35.5,95.1
"715",2018-07-16,0.33,1.75,2.98,2.04,0,0,10.7,40.2,0.32,2.45,2.66,14.2,43.2
"716",2018-07-17,0.18,1.43,2.84,1.89,0,0,7.76,37.9,0.15,2.2,2.7,7.5,26.4
"717",2018-07-18,0.18,1.26,2.65,2.1,0,0,5.93,35.9,0.05,1.98,2.64,4.67,18.5
"718",2018-07-19,0.18,1.24,2.25,1.95,0,0,2.63,33.9,0.01,2.26,2.51,3.5,15.7
"719",2018-07-20,0.46,1.91,1.86,1.66,0,0,0.27,31.7,0,1.18,2.65,3.09,15.6
"720",2018-07-21,0.17,1.45,1.93,1.52,0,0,0,30,0,1.66,2.51,2.61,15
"721",2018-07-22,0.05,1.78,2.01,1.6,0,0,0,28.5,0,1.16,2.4,2.42,14.6
"722",2018-07-23,0.01,1.8,1.69,1.77,0,0,0,27.6,0,0.84,2.38,1.93,13.6
"723",2018-07-24,0.2,1.5,1.99,1.86,0,0,0,26.1,0,0.96,2.55,1.75,10.3
"724",2018-07-25,0.33,1.01,1.96,1.55,0,0,0,25.3,0,0.74,2.55,1.48,8.1
"725",2018-07-26,0,0.43,1.77,1.44,0,0,0,24,0,0.67,2.51,1.36,6.62
"726",2018-07-27,0.01,0.4,1.64,1.21,0,0,0,23.3,0,0.64,2.42,1.29,6.44
"727",2018-07-28,0,0.9,1.71,1.32,0,0,0,22.3,0,0.63,2.3,1.29,6.19
"728",2018-07-29,0.03,0.99,1.36,1.33,0,0,0,21.8,0,0.6,2.39,1.35,6.76
"729",2018-07-30,0,1.2,1.65,1.19,0,0,0,21.1,0,0.61,2.68,1.65,7.46
"730",2018-07-31,4,1.66,1.68,1.31,0,0,0,20.9,0,0.67,2.86,87.4,124
"731",2018-08-01,2.39,0.93,2.42,1.21,0,0,0,20.4,0.06,0.66,3.82,37.7,139
"732",2018-08-02,0.24,0.4,2.01,1.01,0,0,0,19.6,0.21,0.65,2.56,16,40.8
"733",2018-08-03,0.3,0.66,1.82,0.98,0,0,0,19,0.05,0.48,2.69,8.24,16.5
"734",2018-08-04,0.14,1.21,1.78,1.26,0,0,0,18.5,0,0.65,2.95,5.14,9.14
"735",2018-08-05,4.09,1.2,4.15,1.28,0,0,0,18.1,0,0.48,3.86,3.73,6.58
"736",2018-08-06,7.75,1.54,61.4,1.28,0,0,0,18,0,0.7,3.12,4.58,11.7
"737",2018-08-07,4.46,1.51,134,1.26,0,0,0,17.9,3.86,0.52,2.82,6.8,12.6
"738",2018-08-08,1.17,1.16,125,1.85,0,0,0,18.8,2.98,0.54,3,4.58,12.6
"739",2018-08-09,0.76,1.14,44,2.55,0,0,0,18.2,0.31,0.47,5.03,4.39,9.69
"740",2018-08-10,0.62,1.12,13.5,2.52,0,0,0,16.8,0.05,0.7,3.43,3.48,8.49
"741",2018-08-11,0.51,1.13,6.67,2.19,0,0,0,16.9,0.01,1.18,3.23,138,107
"742",2018-08-12,0.45,0.39,209,1.64,0,0,0,25.8,0.04,0.52,2.86,38.9,203
"743",2018-08-13,0.44,1.03,285,1.71,0,0,0,17.8,0.17,0.34,2.71,15.7,49
"744",2018-08-14,0.22,1.36,76.7,2.45,0,0,0,16.3,0.04,0.34,2.68,8.3,18.5
"745",2018-08-15,0.38,0.76,27,2.8,0,0,0,15.5,0,0.39,2.84,5.15,12
"746",2018-08-16,0.26,0.34,9.67,1.93,0,0,0,15,0,0.37,2.88,4.21,9.47
"747",2018-08-17,0.18,0.89,5.24,1.95,0,0,0,14.5,0,0.29,2.54,3.37,8.39
"748",2018-08-18,2.03,1.3,3.6,2.32,0,0,0,14,0,0.31,2.49,2.71,8.49
"749",2018-08-19,0.31,0.88,2.74,2.01,0,0,0,13.4,0,0.27,2.52,2.21,8.32
"750",2018-08-20,0.14,0.96,2.3,1.26,0,0,0,13.1,0,0.26,2.73,1.96,7.74
"751",2018-08-21,0.11,1.32,2.06,1.09,0,0,0,12.8,0,0.23,2.47,1.72,5.98
"752",2018-08-22,0.21,0.75,2.05,1.63,0,0,0,12.4,0,0.42,2.95,1.48,6.13
"753",2018-08-23,0.1,0.32,3.48,2.23,0,0,0,11.7,0,0.24,3.3,1.49,5.9
"754",2018-08-24,0.15,0.86,1.97,2.13,0,0,0,11.6,0,0.19,3.38,1.83,5.94
"755",2018-08-25,0.15,1.34,1.64,2.15,0,0,0,11.2,0,0.28,3.11,1.9,5.07
"756",2018-08-26,0.29,0.78,1.42,2.76,0,0,0,11.2,0,0.25,4.15,2.34,5.84
"757",2018-08-27,0.15,0.98,1.43,2.62,0,0,0,10.9,0,0.67,4.43,2.32,5.61
"758",2018-08-28,0.19,1.37,1.37,2.17,0,0,0,10.7,0,0.58,3.78,2.36,6.53
"759",2018-08-29,0.25,0.75,1.45,1.68,0,0,0,10.3,0,0.64,4.66,2.41,7.12
"760",2018-08-30,0.33,0.58,2.13,2.16,0,0,0,10.5,0,0.57,4.28,2.29,6.8
"761",2018-08-31,0.42,0.98,1.6,2.73,0,0,0,10.6,0,0.45,4.04,2.38,7
"762",2018-09-01,0.35,1.07,1.42,2.89,0,0,0,11.6,0,0.48,3.55,1.96,7.39
"763",2018-09-02,0.45,0.36,1.33,2.49,0,0,0,10.5,0,0.76,4.91,20.8,54.9
"764",2018-09-03,0.39,0.94,1.14,2.15,0,0,0,11.1,0,0.84,14.3,41,283
"765",2018-09-04,0.69,1.37,11.2,1.67,0,0,0,21.1,0,0.56,12.3,13.4,95
"766",2018-09-05,0.53,1.46,22.3,1.88,0,0,0,15.7,0,0.53,10.1,8.11,29.1
"767",2018-09-06,1.68,1.45,17.8,2.47,0,0,0,12.7,0,0.61,11.6,5.43,16.4
"768",2018-09-07,0.56,1.36,19.1,2.73,0,0,0,12,0,0.63,7.89,4.24,12.8
"769",2018-09-08,0.48,1.37,20.4,2.21,0,0,0,14.4,0,0.55,5.84,12.2,95
"770",2018-09-09,2.37,1.31,14.5,2.53,0,0,0,23.8,0,0.61,19.7,5.3,151
"771",2018-09-10,11,13.2,19.1,3.58,0,0,0,24.4,0,0.56,50,4.84,32
"772",2018-09-11,14.5,9.58,68.4,4.01,0,0,6.98,23.6,0,0.65,68.8,6.36,36.4
"773",2018-09-12,29,602,1040,4.56,0,0,0.29,24.3,0,1.33,27.4,3.54,21.3
"774",2018-09-13,3.42,331,938,6.15,0,0,0.01,17.5,0,1.19,85.2,9.6,67.9
"775",2018-09-14,21.9,18.6,399,6.54,0,0,20.1,28.2,0,173,25.2,14.1,104
"776",2018-09-15,26,9.71,1740,93.7,0.67,226,161,1250,0.42,2940,9.55,7.18,62.2
"777",2018-09-16,2.83,17,2200,149,2.95,127,235,3060,36.2,1430,6.25,4.93,28.9
"778",2018-09-17,0.41,4.91,1620,177,2.77,19.4,214,3910,19.5,183,3.81,3.69,17.8
"779",2018-09-18,0.22,2.75,796,39.4,0.64,1.36,178,3460,8.86,40.8,4.48,2.93,13.8
"780",2018-09-19,0.26,1.61,250,11.8,0.12,0.34,142,1570,4.47,13.3,3.36,2.36,11.5
"781",2018-09-20,11.5,1.25,98.8,3.55,0.01,0.19,105,376,2.39,5.71,3.39,4.53,15
"782",2018-09-21,2.37,1.13,57.3,1.86,0,1.66,77.9,188,1.23,2.81,5.07,5.72,31.8
"783",2018-09-22,0.37,1.08,40.8,1.42,0,0.72,48.3,142,0.98,2.58,4.82,120,112
"784",2018-09-23,0.2,1.04,31.1,1.18,0,0.22,27.2,102,0.81,2.1,14.8,211,612
"785",2018-09-24,0.16,1.06,23.3,1,0,0.13,12.7,77.7,0.32,1.54,21.5,24.1,117
"786",2018-09-25,0.22,1.05,15.3,0.84,0,0.1,6.55,61.1,0.63,1.23,10.3,20.3,49
"787",2018-09-26,0.22,1.05,10.8,1.11,0,0.1,4.99,51.1,2.37,1.33,24.8,14.7,61
"788",2018-09-27,34.4,8.46,839,40.2,0,0.11,4.75,60.3,8.68,99.6,66.5,8.39,34.1
"789",2018-09-28,11.7,30.9,247,111,0,0.08,2.44,191,1.49,37.3,24.6,6.01,16.8
"790",2018-09-29,2.08,4.47,84.5,26.4,0,0.08,12.1,161,0.84,16.3,143,221,286
"791",2018-09-30,0.86,2.28,56.5,8.68,0.08,0.08,44.4,161,0.75,8.31,104,245,391
"792",2018-10-01,0.98,1.65,204,48.1,0.18,0.07,62,224,53.9,4.63,104,73.8,212
"793",2018-10-02,0.46,1.33,147,36.6,0.05,0.06,55,198,31.1,2.52,23.7,63.7,91.3
"794",2018-10-03,0.4,1.02,59.2,24,0.01,0.06,45.5,120,18,1.25,9.61,27.2,90.2
"795",2018-10-04,0.37,1.16,26.7,10.3,0,0.05,37.3,87.4,11.9,0.8,5.39,13.8,38.7
"796",2018-10-05,0.39,1.17,13.5,3.39,0,0.05,29.7,58.2,7.8,0.73,3.89,9.25,20.3
"797",2018-10-06,0.38,0.99,10.1,1.94,0,0.06,24.1,49.5,5.44,41.6,4.91,6.69,14.2
"798",2018-10-07,0.97,1.14,8.45,10.2,0,0.08,18.3,48.6,9.75,23.2,3.63,7.21,12.1
"799",2018-10-08,0.33,1.16,7.54,57,0,0.08,10.8,56.2,10.9,5.66,3.18,7.73,32.8
"800",2018-10-09,4.81,1.19,8.44,11.5,0,107,7.26,85.1,277,23.7,3.11,55.7,71.7
"801",2018-10-10,1.16,1.12,8.22,158,0,21.7,37.1,170,1050,197,4.45,90.2,277
"802",2018-10-11,0.49,0.95,9.2,29.1,0,1.13,98.6,226,457,150,4.1,24.5,86.3
"803",2018-10-12,0.69,1.14,7.28,5.75,0,0.36,123,158,116,38,3.52,12.8,34.7
"804",2018-10-13,0.33,0.99,11.2,2.43,0,0.29,142,119,70.8,12.6,3.01,8.36,21.6
"805",2018-10-14,0.33,1.13,8.39,1.61,0,0.25,145,115,54.8,6.16,3.16,6.21,13.6
"806",2018-10-15,0.37,17.4,27.3,29.1,1.97,667,135,97.3,50.2,5.85,3.55,7.3,22.4
"807",2018-10-16,0.36,458,24,219,7.98,95.1,124,1050,207,3.57,4.28,8.85,34.9
"808",2018-10-17,0.22,63.9,21.4,81.8,2.06,16.7,106,2240,144,2,3.63,7,17.2
"809",2018-10-18,0.21,6.64,12.9,26.9,0.81,3.7,90.3,1470,84.1,1.44,3.16,6.52,16.4
"810",2018-10-19,0.23,3.22,9.2,37.6,0.8,2.19,79.6,385,61,1.55,27.9,8.74,14.2
"811",2018-10-20,0.47,2.4,8.06,161,22.9,24.6,75.2,1170,61.2,1.71,387,40.2,104
"812",2018-10-21,0.32,68.3,7.57,282,2.73,7.2,64.4,1980,126,1.39,114,11.2,40.9
"813",2018-10-22,0.24,25.9,6.82,65.5,0.92,1.76,53.7,1890,82.6,1.09,35,7.83,22.4
"814",2018-10-23,0.4,5.02,6.12,31.6,1.94,507,47.2,654,227,94.8,145,7.85,22.4
"815",2018-10-24,0.97,2.64,5.67,55,1.79,46.2,48,698,1220,330,168,22.2,54.7
"816",2018-10-25,0.45,1.97,6.11,53,0.83,26.2,53.4,814,634,197,235,26.9,179
"817",2018-10-26,0.29,1.52,6.3,33.7,0.44,6.24,54.5,784,264,88.4,120,10.8,45.5
"818",2018-10-27,0.23,1.27,6.12,18.3,0.26,2.32,52.1,364,128,33.4,45.7,7.49,22
"819",2018-10-28,0.21,1.16,5.37,12.1,0.17,1.2,52,201,81,13.8,21.6,6.18,15.4
"820",2018-10-29,0.31,1.22,4.52,9.71,0.13,0.75,52.5,146,59.7,7.21,10.8,5.07,13
"821",2018-10-30,0.18,1.25,4.24,8.06,0.11,0.59,51.6,118,48.2,2.55,6.44,4.48,11
"822",2018-10-31,0.2,0.78,4.07,7.19,0.09,0.49,50.4,104,42.5,1.74,344,123,188
"823",2018-11-01,0.21,0.92,3.83,7.02,0.07,0.42,48.1,87.2,88.9,1.77,1090,342,541
"824",2018-11-02,0.11,1.21,3.53,6.44,0.04,0.33,37.4,71.8,145,1.28,261,157,304
"825",2018-11-03,0.14,1.2,3.3,6.15,0.04,0.28,29,62.5,83.6,1.17,86.1,46.4,140
"826",2018-11-04,0.18,1.19,3.28,5.97,0.04,0.26,22.9,55.9,58,1.29,43.4,140,269
"827",2018-11-05,0.26,1.21,3.76,5.84,0.04,0.28,16.8,52.8,44.6,1.29,23.6,44.4,209
"828",2018-11-06,0.19,1.21,4.11,5.45,0.04,0.25,11,49.3,37.1,1.32,13.7,22.3,87.1
"829",2018-11-07,0.17,0.99,4.04,5.44,0.04,0.25,7.62,45.9,32.4,1.24,8.21,15.1,97.4
"830",2018-11-08,0.16,1.18,3.45,5.27,0.04,0.22,5.78,44.1,28.9,1.2,7.07,15,204
"831",2018-11-09,12.2,1.76,23.1,114,2.07,948,40.6,146,96.2,885,14.5,83.9,192
"832",2018-11-10,0.93,1.79,146,384,1.57,46,149,1540,374,1340,16,24,120
"833",2018-11-11,0.43,1.55,122,65.4,0.65,6.32,128,2630,183,181,8.41,14.3,46.8
"834",2018-11-12,0.3,1.31,67.5,25.8,0.36,2.82,98.9,1360,100,59.2,8.84,11.2,38.7
"835",2018-11-13,0.19,1.2,31.5,16.7,0.18,1.43,94.8,276,71.6,25.8,6.56,8.67,26
"836",2018-11-14,0.08,1.2,12.6,11.7,0.12,0.89,96.2,172,55.1,12.9,4.54,6.86,19
"837",2018-11-15,0.12,0.97,7.36,9.72,0.1,0.62,97.6,132,43.5,7.23,3.82,5.84,16.8
"838",2018-11-16,0.12,1.21,5.63,8.68,0.08,0.54,91.2,111,36.2,3.76,3.76,5.5,15.7
"839",2018-11-17,0.16,1.2,5.89,8.16,0.1,0.5,81.4,98.7,31.2,2.6,3.78,4.9,13.8
"840",2018-11-18,0.57,1.2,73,8.21,0.16,0.42,73.7,88,29,2.18,3.66,14.5,23.8
"841",2018-11-19,0.31,1.21,607,7.76,0.21,0.89,75.4,91.2,27,2,3.4,18.9,69.7
"842",2018-11-20,0.21,1.22,412,10.4,0.15,0.83,69.1,99,25.4,1.81,3.21,15.7,48.6
"843",2018-11-21,0.74,1.23,146,8.9,0.12,0.51,61.7,74.6,23.7,1.68,2.73,11.3,30.2
"844",2018-11-22,0.33,1.22,78.6,7.4,0.12,1.45,56.6,63,22.3,1.67,4.83,19.5,63.2
"845",2018-11-23,0.27,1.23,51.1,6.72,0.12,1.93,51.2,57.4,63.3,1.56,3.76,10.8,35.9
"846",2018-11-24,0.21,1.05,29.9,6.55,0.11,0.94,42.8,53.3,49.3,1.5,3.24,8.5,24.4
"847",2018-11-25,0.16,1.23,18,6.87,0.1,0.56,32.3,49.1,37.7,1.52,3.21,6.97,21.8
"848",2018-11-26,0.1,1.25,10,6.63,0.05,0.36,20.6,45.4,31.1,1.54,3.24,5.76,16.2
"849",2018-11-27,0.08,1.22,6.78,6.45,0.05,0.3,14,42.9,26.4,1.53,2.88,5.07,12.3
"850",2018-11-28,0.34,1.21,5.95,6.42,0.08,0.28,10.6,41.3,22.8,1.64,2.62,4.74,11.7
"851",2018-11-29,0.62,1.25,5.58,6.09,0.1,0.28,9.08,40.1,21.7,1.69,2.74,5.11,12.6
"852",2018-11-30,0.53,1.27,5.16,6.23,0.12,0.27,8.13,38.9,23.9,1.73,3.23,5.21,16.2
"853",2018-12-01,0.54,1.31,4.76,6.86,0.1,0.24,7.23,38.3,25.3,1.61,3.16,4.95,13.4
"854",2018-12-02,0.46,1.25,4.14,6.27,0.07,0.31,6.25,37.3,25.5,1.45,2.9,4.97,12.5
"855",2018-12-03,0.4,1.31,3.64,5.42,0.05,0.53,5.29,36,25.3,1.45,2.77,4.47,12.9
"856",2018-12-04,0.42,1.3,3.16,5.65,0.05,0.39,4.29,35,24.3,1.38,2.45,4.24,9.61
"857",2018-12-05,0.44,1.13,3.07,5.54,0.06,0.23,3.49,34,23.1,1.33,2.54,4.08,8.6
"858",2018-12-06,0.5,1.3,3.14,5.96,0.09,0.25,2.98,33.3,22.4,1.39,2.62,4.29,9.1
"859",2018-12-07,6.77,1.42,3.63,62.8,3.32,365,4.4,79.9,48.7,192,154,259,257
"860",2018-12-08,4.09,1.73,8.77,699,62.3,644,106,1730,1650,2610,2610,1590,1170
"861",2018-12-09,0.8,1.32,57.2,371,101,58.6,210,3660,2090,812,660,437,426
"862",2018-12-10,0.27,1.3,33.9,91,8.22,11.8,241,4190,413,144,208,96.2,249
"863",2018-12-11,0.09,1.31,10.7,34.5,3.14,4.6,271,2220,144,60.7,72.6,34.6,105
"864",2018-12-12,0.05,1.04,6.21,21,1.85,6.84,338,483,87,31.6,38.1,19.3,44.6
"865",2018-12-13,0.6,1.05,5.35,15.7,1.17,2.48,362,298,91.1,47.9,774,120,427
"866",2018-12-14,0.25,1.28,4.85,12.5,0.67,1.83,357,268,116,51.4,261,31.9,183
"867",2018-12-15,0.32,1.29,3.43,10.4,0.44,1.35,353,197,67.6,27.1,71.6,17.7,65.6
"868",2018-12-16,0.05,1.27,3.39,9.97,0.35,0.99,347,150,44.8,15.3,30,11.7,35.7
"869",2018-12-17,0.04,1.31,4,9.3,0.31,0.93,343,122,33.9,9.76,16.9,8.92,27.4
"870",2018-12-18,0.07,1.32,3.13,9.42,0.34,0.86,333,105,27.9,7.79,11.8,6.84,23.1
"871",2018-12-19,0.11,1.34,3.27,9.24,0.33,1.11,317,93.8,24.8,6.96,9.51,26.3,75.2
"872",2018-12-20,0.8,1.32,3.29,9.06,0.26,0.82,299,82.9,22.4,6.18,8.09,14,66.1
"873",2018-12-21,0.53,1.33,3.15,8.87,0.2,0.7,273,71.9,22.2,5.5,7.2,9.76,35.7
"874",2018-12-22,1.59,1.3,3.02,8.69,0.22,0.76,264,65.8,21.2,5.48,6.78,7.44,28.4
"875",2018-12-23,3.89,1.31,3.18,8.46,0.21,0.71,255,60.9,20.2,5.31,6.47,6.1,26.8
"876",2018-12-24,0.17,1.33,3.16,8.1,0.2,0.7,250,57.1,18.8,5.16,6.14,5.12,24.6
"877",2018-12-25,0.15,1.28,3.12,7.6,0.24,0.72,244,54.8,18,5.22,6.07,4.58,24.8
"878",2018-12-26,0.2,1.34,3.69,7.98,0.3,0.56,237,53.3,17.9,5.06,7.16,44.8,103
"879",2018-12-27,0.13,1.36,4.18,7.6,0.27,0.51,229,54,19.2,5.68,866,726,563
"880",2018-12-28,0.41,1.34,3.98,7.4,0.19,0.58,223,50.2,18.1,4.72,442,410,251
"881",2018-12-29,0.46,1.29,3.71,7.96,0.17,0.36,217,47.5,16.8,4.29,113,115,150
"882",2018-12-30,0.14,1.29,3.33,7.18,0.2,0.34,211,45.8,15.7,4.23,48.7,46.8,92.2
"883",2018-12-31,0.14,1.34,3.12,6.34,0.22,0.37,203,44.7,16.2,4.53,65.5,35.3,95.9
"884",2019-01-01,0.12,1.29,2.89,6.23,0.2,0.33,196,43.4,15.5,4.44,37.9,20.8,140
"885",2019-01-02,0.15,1.32,3.05,6.71,0.2,0.33,189,42.3,15.2,4.61,165,98.5,232
"886",2019-01-03,0.53,1.35,3.22,7.28,0.23,0.37,180,42.1,18.6,5.18,651,901,895
"887",2019-01-04,0.47,1.23,3.16,7.3,0.18,0.36,168,40.9,17,4.82,241,360,503
"888",2019-01-05,0.6,1.34,3.08,9.21,0.14,0.35,159,39.7,14.9,4.91,75.8,117,337
"889",2019-01-06,0.2,1.36,3.15,9.67,0.16,0.35,144,38.9,14.5,4.19,35.2,38.4,168
"890",2019-01-07,0.54,1.37,3.31,8.21,0.19,0.35,121,38.1,13.9,3.85,20.6,20.6,102
"891",2019-01-08,0.89,1.36,3.44,7.76,0.19,0.34,107,37.4,13.3,3.72,14.1,12.8,71.3
"892",2019-01-09,0.22,1.29,3.36,7.63,0.15,0.31,98.2,36.6,12.7,3.61,11.1,9.21,53.6
"893",2019-01-10,0.14,1.36,3.03,7.45,0.13,0.29,90.5,35.5,11.8,3.52,8.86,6.95,40.5
"894",2019-01-11,1.45,1.35,3.02,7.02,0.17,0.33,82.6,35.7,11.5,3.69,7.78,5.59,36.7
"895",2019-01-12,0.39,1.22,3.57,7.14,0.18,0.38,73,36.5,16.6,6.09,12.6,47,189
"896",2019-01-13,0.09,1.29,4.32,6.74,0.13,0.36,63.3,34.1,21.2,3.57,8.76,19.2,106
"897",2019-01-14,0.01,1.33,4.13,6.44,0.13,0.29,55.7,33.1,19.4,3.22,7,11.9,67
"898",2019-01-15,2.31,1.33,3.6,5.77,0.16,0.42,44.4,33.5,18,3.24,6.2,8.6,49
"899",2019-01-16,1.11,1.35,4.49,6.33,0.24,0.52,33.4,36.3,17.6,3.86,6.22,6.75,39.6
"900",2019-01-17,0.26,1.35,5.45,8.81,0.23,0.53,21.6,34.1,16.4,4.26,6.15,6.66,39
"901",2019-01-18,0.22,1.2,5.69,8.7,0.22,0.52,13,33.7,15.3,3.75,6.07,6.07,37.6
"902",2019-01-19,0.05,1.34,4.64,6.72,0.15,0.47,8.23,33,14.9,3.6,33.4,28.4,112
"903",2019-01-20,0.01,1.32,3.68,6.07,0.1,0.37,5.39,31.6,13.2,3.08,13.7,15.3,78.6
"904",2019-01-21,0.03,1.35,2.92,5.26,0.11,0.4,3.44,30.7,12.1,2.93,7.82,9.69,52
"905",2019-01-22,0.09,1.36,2.84,5.49,0.15,0.43,1.95,30.4,11.4,2.99,6.91,7.19,40
"906",2019-01-23,0.68,1.27,3.31,5.83,0.19,2.59,0.67,31.1,32.3,36.9,168,185,383
"907",2019-01-24,0.02,1.37,3.22,9,0.13,1.09,0.62,30.1,62.8,60.8,120,91.8,286
"908",2019-01-25,0.01,1.37,3.09,7.68,0.12,0.68,0.5,29.9,64,33.4,39.1,35.3,133
"909",2019-01-26,3.73,1.27,3.18,5.92,0.13,0.55,0.69,29.8,40.6,15.9,18.5,17.6,73
"910",2019-01-27,0.78,1.35,4.07,5.64,0.15,0.56,1.03,31.3,30,8.27,11.5,18.3,76.4
"911",2019-01-28,0.36,1.4,4.04,5.49,0.13,0.8,6.99,30.3,24.3,5.45,8.67,11.7,54.9
"912",2019-01-29,0.18,1.38,3.96,6.17,0.09,0.49,5.27,28.6,21.2,4.26,8.02,13.8,62.5
"913",2019-01-30,0.06,1,3.56,5.62,0.1,0.32,3.74,27.9,18.6,3.13,6.94,8.96,46.9
"914",2019-01-31,0.84,1.08,3.29,5.52,0.14,0.47,16.3,29.8,18.6,6.63,8.02,6.91,36.4
"915",2019-02-01,0.32,1.43,3.56,5.66,0.16,0.36,61.1,31.8,106,199,43.8,5.88,31.6
"916",2019-02-02,0.26,1.42,4.92,5.7,0.16,0.37,71.2,59,136,127,30.6,5.18,27.8
"917",2019-02-03,0.47,1.43,4.88,5.82,0.16,0.4,85.6,52,191,276,252,4.99,28.8
"918",2019-02-04,0.13,1.47,4,5.78,0.16,0.48,91,40.1,128,113,137,4.72,28.9
"919",2019-02-05,0.02,1.48,3.64,5.6,0.16,0.76,75.5,35.4,72.4,49.4,56.7,4.49,26.4
"920",2019-02-06,0.01,1.5,3.55,5.65,0.15,0.6,62.4,32.6,44.6,24.6,31.4,4.25,25.7
"921",2019-02-07,0.01,1.5,3.12,5.37,0.12,0.61,52,30.7,27.6,13.3,20.4,5.12,31.2
"922",2019-02-08,0,1.44,2.85,4.96,0.07,0.39,41.3,28.1,17.9,6.9,14.4,4.19,28.2
"923",2019-02-09,0.24,1.42,2.63,5.38,0.09,0.49,28.4,27,12.5,3.56,11.2,3.82,19.5
"924",2019-02-10,0.47,1.45,2.72,5.72,0.14,0.45,25,26.8,9.77,2.53,9.56,3.58,18.7
"925",2019-02-11,0.03,1.48,2.73,5.56,0.15,0.47,22.7,26.3,8.41,2.03,9.23,3.93,22.5
"926",2019-02-12,0.01,1.5,2.8,5.73,0.11,0.42,13.6,25.9,7.38,1.67,10.6,4.78,26.9
"927",2019-02-13,0.01,1.5,2.8,5.91,0.08,0.39,9.35,24.7,6.32,1.31,8.1,3.81,20.1
"928",2019-02-14,0.01,1.32,2.67,5.61,0.1,0.4,6.45,24.6,5.65,1.23,7.93,3.53,16.6
"929",2019-02-15,0.01,1.54,2.63,5.5,0.11,0.4,4.46,24.1,5.49,1.16,7.9,3.32,17
"930",2019-02-16,0.02,1.53,2.68,5.49,0.12,0.39,3.08,23.6,4.9,1.1,7.6,3.16,16.5
"931",2019-02-17,0.01,1.5,2.9,5.28,0.1,0.39,2.2,23.8,4.7,1.05,7.29,3.14,17.9
"932",2019-02-18,0.19,1.5,2.82,5.24,0.06,0.35,1.54,23.2,4.23,0.88,7.18,2.93,18.2
"933",2019-02-19,0.01,1.52,4.51,4.92,0.07,0.35,1.03,22.7,3.71,0.92,7.43,3.19,15.5
"934",2019-02-20,0.03,1.54,4.27,5.08,0.07,0.38,0.73,22.4,3.33,0.95,7.33,3.56,18.1
"935",2019-02-21,0,1.54,5.04,4.91,0.08,0.35,0.5,22.4,3.12,0.82,7.29,18.8,43.3
"936",2019-02-22,0,1.52,4.5,5.24,0.1,0.37,0.31,22.2,2.91,0.79,7.23,11,71.8
"937",2019-02-23,0.01,1.57,3.52,5.59,0.09,0.35,0.23,21.8,2.98,0.82,7.06,8.89,44.4
"938",2019-02-24,0.01,1.53,3.76,5.24,0.06,0.34,0.14,21.5,2.52,0.66,6.97,6.96,31.2
"939",2019-02-25,0.21,1.57,2.31,5.22,0.07,0.34,0.07,20.9,2.39,0.59,7.28,5.39,22.9
"940",2019-02-26,0.56,1.57,2.24,5.76,0.13,1.85,0.07,29.2,11.2,62.7,316,5.76,19.4
"941",2019-02-27,0.16,1.64,4.12,5.77,0.14,14.1,0.17,27.5,261,430,701,18.1,45.2
"942",2019-02-28,0.04,1.4,8.62,6.48,0.13,2.13,22.5,55.5,201,138,161,9.83,44.6
"943",2019-03-01,0.01,1.59,5.48,7.34,0.13,0.96,68.1,141,84.2,54.2,129,7.36,31
"944",2019-03-02,0.06,1.42,4.79,6.49,0.12,0.73,82.6,76.6,48.3,30.4,37.6,5.93,24.9
"945",2019-03-03,0.01,1.58,3.08,6.06,0.11,0.59,72.3,51.7,32,16.8,17.2,5.16,24.2
"946",2019-03-04,0.01,1.61,2.66,5.54,0.07,0.52,67.2,39.2,22.5,10.1,9.22,4.38,19.5
"947",2019-03-05,0,1.62,2.28,5.27,0.05,0.4,60.8,32.3,16.1,6.4,5.69,3.91,15.8
"948",2019-03-06,0,1.63,2.07,4.93,0.05,0.51,52.2,28.4,12,3.71,4.45,3.63,13.9
"949",2019-03-07,0.01,1.61,2.44,4.62,0.07,0.75,41.8,25.8,9.67,3.61,3.83,3.52,14.5
"950",2019-03-08,0.05,1.7,3.7,4.52,0.09,0.91,31.3,24.5,8.23,3.53,3.51,3.36,15.7
"951",2019-03-09,0.3,1.65,2.28,4.54,0.09,0.89,22.8,23.4,7.02,3.17,3.15,2.63,15.6
"952",2019-03-10,0.11,1.62,2.25,5.27,0.09,1.05,22.1,22.4,5.74,2.94,3,2.33,16.4
"953",2019-03-11,0.13,1.58,2.16,5.28,0.09,1.16,19.8,22.1,4.76,2.47,2.91,2.21,15.2
"954",2019-03-12,0.27,1.51,1.96,5.34,0.09,1.01,16,21.6,4.21,2.21,2.83,2.22,16.2
"955",2019-03-13,0.29,1.32,2.06,5.2,0.09,0.88,15.4,22.2,4.24,2.09,2.76,5.66,23.2
"956",2019-03-14,0.29,1.35,2.07,5.02,0.06,1.02,14.5,21.4,4.37,1.95,2.67,10.4,53.2
"957",2019-03-15,0.07,1.28,2.07,5.01,0.03,0.65,11.6,19.8,3.96,1.77,2.49,7.24,36.2
"958",2019-03-16,1.1,1.47,1.97,5.12,0.03,0.97,9.74,19.3,4.14,1.83,2.53,5.32,20.2
"959",2019-03-17,0.87,1.49,1.81,5.35,0.04,1,8.15,19,3.6,1.76,2.6,4.18,16.6
"960",2019-03-18,0.39,1.54,1.77,5.3,0.04,0.79,7.21,18.9,3.25,1.76,2.67,3.52,15.4
"961",2019-03-19,0.41,1.55,1.97,4.84,0.05,0.63,13.7,18.8,3.13,1.68,2.52,2.96,14.2
"962",2019-03-20,3.62,1.34,1.91,5.16,0.05,0.5,15.4,18.5,3.09,1.65,2.35,2.55,13.5
"963",2019-03-21,0.23,1.32,1.95,5.46,0.04,0.8,12.9,18.2,2.88,1.68,2.46,2.08,12.5
"964",2019-03-22,0.03,1.33,1.92,5.34,0.04,0.84,15,18.1,2.94,1.6,2.09,1.55,12.2
"965",2019-03-23,0.07,1.32,1.84,5.46,0.04,0.51,13.3,17.6,3.03,1.54,2.32,1.19,11.6
"966",2019-03-24,0.29,1.52,1.84,5.49,0.05,0.52,11.5,17.9,2.94,1.51,2.37,1.01,11.2
"967",2019-03-25,0.13,1.53,1.83,5.28,0.05,0.55,10.3,18,2.54,1.52,2.45,1.43,11.4
"968",2019-03-26,0.18,1.54,1.76,4.6,0.03,0.52,9.07,17.7,1.93,1.36,2.32,1.43,11.2
"969",2019-03-27,0.03,1.29,1.66,4.96,0.03,0.53,10.2,17.4,1.37,1.34,2.06,1.55,9.94
"970",2019-03-28,0.07,1.22,1.55,5.12,0.03,0.41,10.4,16.9,1.1,1.32,2.31,1.22,10.9
"971",2019-03-29,0.06,1.28,1.6,5.73,0.03,0.33,7.74,16.7,0.93,1.34,2.35,1.06,10.7
"972",2019-03-30,0.06,1.46,1.8,4.88,0.03,0.76,2.8,16.6,0.76,1.3,2.17,1.53,12.3
"973",2019-03-31,8.14,1.67,2.34,5.85,0.13,0.62,1.14,18.8,1.57,1.78,2.2,1.02,12.2
"974",2019-04-01,0.34,1.56,5.83,13.9,0.08,0.54,0.91,18.3,1.81,1.55,2.35,0.57,9.3
"975",2019-04-02,0.02,1.56,8.12,9.58,0.05,0.48,1.16,17.6,1.38,1.56,2.43,0.65,9.32
"976",2019-04-03,0.15,1.58,4.38,6.78,0.05,0.51,2.14,17.2,0.87,1.53,2.36,0.82,10.7
"977",2019-04-04,0.02,1.37,2.7,5.55,0.06,0.51,0.93,17,0.97,1.61,2.45,2.47,21.6
"978",2019-04-05,0.12,1.64,2.28,5.25,0.06,0.49,0.32,16.9,0.81,1.51,2.01,2.27,21.4
"979",2019-04-06,0.16,1.63,1.99,5.21,0.05,0.61,0.08,16.7,0.65,1.44,2.22,2.21,16.4
"980",2019-04-07,27.5,3.71,34.1,52.1,0.27,5.26,6.38,29.8,2.99,5.75,4.93,39.1,95.9
"981",2019-04-08,0.53,5.45,53.4,300,0.13,5.87,18.1,41.7,3.97,3.7,6.13,24.8,130
"982",2019-04-09,0.1,2.98,26.9,66.9,0.06,0.83,34.3,46.9,1.58,1.89,2.71,12,49.6
"983",2019-04-10,0.01,1.93,11.5,22.5,0.04,0.49,17.5,40.9,0.43,1.37,2.24,7.04,31.1
"984",2019-04-11,0.01,1.66,6.23,13,0.03,0.39,6.83,29.8,0.19,1.23,2.02,4.94,25.2
"985",2019-04-12,0.06,1.53,4.27,9.02,0.03,0.34,2.9,24.3,0.11,1.2,2.21,3.81,19.4
"986",2019-04-13,0.09,1.29,3.48,7.73,0.03,0.33,1.32,20.6,0.04,1.26,2.21,4.16,28.6
"987",2019-04-14,0.15,1.3,2.94,7.38,0.01,0.29,0.59,17.7,0,1.14,2.24,2.68,27.2
"988",2019-04-15,0.35,1.53,2.65,5.61,0.02,0.29,0.19,16.2,0,1.16,2.22,1.88,15.1
"989",2019-04-16,0.54,1.53,2.57,4.87,0.02,0.29,0.04,15.3,0,1.21,2.27,1.17,12.6
"990",2019-04-17,0.56,1.57,2.66,5.11,0.04,0.31,0,14.8,0,1.26,2.43,1.02,11.8
"991",2019-04-18,8.13,1.41,16.4,6.31,0.07,0.66,0,16,1.93,1.99,11,153,315
"992",2019-04-19,0.42,1.59,15.6,6.28,0.02,0.44,0,28.6,3.63,1.88,11.3,45.6,184
"993",2019-04-20,0.25,1.32,6.7,5.21,0.02,0.35,0.01,22.4,2.65,3.65,4.38,19.6,70.6
"994",2019-04-21,0.32,1.58,3.98,4.72,0.02,0.33,0,18.3,6.69,6.89,3.19,9.91,36.8
"995",2019-04-22,0.63,1.66,3.13,5.45,0.02,0.33,0,15.6,3.62,3.09,2.59,6.16,25.7
"996",2019-04-23,0.57,1.66,2.88,5.32,0.03,0.34,0,14.6,1.11,1.73,2.51,4.38,18.9
"997",2019-04-24,1.94,1.66,2.87,5.19,0.08,0.44,0,14,0.31,1.38,2.25,2.95,15.9
"998",2019-04-25,0.97,1.67,3.45,6.13,0.1,0.5,0,13.8,0.05,1.3,2.32,2.33,16.3
"999",2019-04-26,0.26,1.44,4.12,11.1,0.04,0.41,0,13.2,0,1.05,2.22,1.78,12.4
"1000",2019-04-27,0.65,1.65,3.53,7.3,0.02,0.39,0,12.4,0,0.99,2.1,1,9.8
"1001",2019-04-28,1.19,1.63,2.88,5.52,0.02,0.39,0,12.2,0.02,1.02,2.16,0.5,9.21
"1002",2019-04-29,0.79,1.57,2.65,4.81,0.02,0.4,0,11.9,0,1.01,2.22,0.36,10.1
"1003",2019-04-30,0.85,1.53,2.62,4.49,0.02,0.43,0,12.4,0,1.04,2.21,0.37,12.1
"1004",2019-05-01,0.58,1.19,2.42,3.95,0.02,0.41,0,14.3,0,1.06,2.07,0.32,11.7
"1005",2019-05-02,0.27,1.06,2.32,3.76,0.02,0.4,0,12.8,0,1.04,1.85,128,171
"1006",2019-05-03,21.4,1.89,7.66,3.81,0.03,0.45,0,12.7,0,1.09,1.99,302,538
"1007",2019-05-04,0.4,1.71,10.1,4.2,0.08,0.72,0,13.2,0.1,1.4,9.91,629,578
"1008",2019-05-05,0.11,1.73,8.78,5.72,0.03,0.56,0,11.4,0,1.01,4.28,206,339
"1009",2019-05-06,16.4,2.28,17.6,6.45,0.03,0.47,0,12.4,0,0.94,3.71,56.3,172
"1010",2019-05-07,0.51,3.49,26.2,6.62,0.03,1.24,0,13.1,0,1.04,2280,67.6,228
"1011",2019-05-08,0.09,3.28,15.5,16.1,0.03,7.2,0,14.3,0,1.06,6450,120,270
"1012",2019-05-09,0.01,2.2,7.4,7.91,0.06,22.4,0.05,12.7,0.43,1.15,1030,155,353
"1013",2019-05-10,18.3,1.98,14.7,38.3,16,252,3.55,14.4,295,44.3,2090,457,564
"1014",2019-05-11,0.35,1.8,4.19,46.1,451,31.2,5.01,21.1,468,52.9,827,403,423
"1015",2019-05-12,0.1,1.69,3.42,19.1,24.9,5.82,13.3,89.9,105,71.4,482,225,386
"1016",2019-05-13,0.12,1.73,3,10.3,8.05,2.99,8.22,273,49.7,22,134,65.7,177
"1017",2019-05-14,0.14,1.74,2.81,10.9,4.21,8.91,9.4,99.7,28.3,10.2,48.4,31,90.1
"1018",2019-05-15,0.25,1.15,2.81,132,2.72,28.6,10.1,48.7,18.9,3.93,24,15.1,48
"1019",2019-05-16,0.88,1.12,2.62,38.2,1.94,2.37,10,58.2,13.6,2.69,15.3,9.27,31.1
"1020",2019-05-17,0.33,1.63,2.43,15.8,1.44,1.05,10.3,76.8,10.4,2.17,10.9,6.83,23.9
"1021",2019-05-18,0.3,1.59,2.35,10.2,1.14,0.78,10.5,49.7,8.3,1.95,8.81,5.49,20.5
"1022",2019-05-19,0.41,1.54,2.35,7.56,0.89,0.74,10.3,25.5,6.3,1.85,7.74,8.84,21
"1023",2019-05-20,0.56,1.57,2.33,6.32,0.69,0.71,8.6,31.4,4.58,1.72,7.02,36.8,50.4
"1024",2019-05-21,0.66,1.5,2.31,5.71,0.51,0.76,4.97,35.6,3.3,1.68,6.57,27.6,64.8
"1025",2019-05-22,0.74,1.47,2.37,5.3,0.38,0.55,2.71,24,2.38,1.63,6.27,14.6,43.2
"1026",2019-05-23,0.78,1.44,2.32,4.9,0.27,0.47,1.65,22.7,2.02,1.56,6.07,8.7,31.7
"1027",2019-05-24,1.02,1.17,2.34,4.49,0.18,0.43,1.06,23,2.01,1.55,5.77,4.96,25.1
"1028",2019-05-25,1.15,1.11,2.05,4.2,0.13,0.4,0.62,11.3,1.56,1.47,5.51,2.97,18
"1029",2019-05-26,1.12,1.35,2.01,4.29,0.1,0.38,0.31,7.42,1.03,1.44,5.37,1.98,16.2
"1030",2019-05-27,0.98,1.37,2.18,4.06,0.08,0.38,0.12,6.93,0.61,1.43,5.25,1.57,13.8
"1031",2019-05-28,1.05,1.1,2,3.92,0.07,0.38,0.02,9.18,0.37,1.43,5.39,1.35,12
"1032",2019-05-29,1.01,1.13,2.08,3.91,0.06,0.36,0,13.7,0.23,1.46,5.49,1.26,9.72
"1033",2019-05-30,1.03,0.75,2.09,3.94,0.05,0.35,0,5.39,0.15,1.51,5.57,15.7,40.3
"1034",2019-05-31,0.94,1.21,2.15,4.07,0.04,0.33,0,5.17,0.07,1.49,5.62,3.04,35.3
"1035",2019-06-01,0.85,0.98,2.1,3.85,0.03,0.35,0,4.94,0.01,1.44,5.8,2.87,17.8
"1036",2019-06-02,0.81,1.2,2.02,3.64,0.03,0.34,0,4.77,0,1.43,5.48,2.31,14.3
"1037",2019-06-03,0.81,1.19,1.89,3.69,0.02,0.34,0,4.73,0,1.41,5.25,1.94,12.6
"1038",2019-06-04,5.68,1.14,1.9,3.75,0.04,0.43,0,4.79,0.08,1.42,5.21,1.6,10.8
"1039",2019-06-05,0.42,0.73,2.77,4.28,0.06,0.46,0,4.99,0.41,2,2060,14,68.8
"1040",2019-06-06,55.3,0.39,2.21,5.2,0.18,0.46,0,8.1,1.81,2.45,1380,4.75,48.6
"1041",2019-06-07,21.7,0.57,2.44,4.78,0.16,0.52,0,8.11,9.44,6.66,833,3.26,22.9
"1042",2019-06-08,0.24,0.71,3.02,4.03,0.07,0.42,0,6.46,14.1,2.17,233,2.21,15
"1043",2019-06-09,0,0.91,2.97,3.71,0.04,0.38,0,5.51,8.64,1.67,61.6,1.46,12
"1044",2019-06-10,0,0.89,2.31,3.24,0.02,0.5,0,5.1,3.42,1.52,23.7,1,12.2
"1045",2019-06-11,46.7,0.79,2.07,3.19,0.02,0.71,0,5.05,3.57,74.2,13.7,0.58,10.3
"1046",2019-06-12,15.9,0.89,36.9,3.55,0.03,0.83,0,5.3,3.63,97,9.72,0.49,7.97
"1047",2019-06-13,0.54,0.5,112,3.44,0.02,0.6,0,5.03,10.8,12.4,7.07,0.37,6.06
"1048",2019-06-14,0.04,0.47,38.8,3.71,0.01,0.48,0,4.83,17,3.74,5.77,0.31,5.56
"1049",2019-06-15,0.01,0.62,14.6,3.65,0.01,0.45,0,5.21,9.94,1.62,4.97,0.6,7.28
"1050",2019-06-16,0,0.78,8.39,3.45,0.01,0.45,0,4.84,5.39,1.08,4.85,63.3,191
"1051",2019-06-17,0.06,0.78,5.73,3.38,0.02,1.29,0,6.25,26.8,178,353,95.3,378
"1052",2019-06-18,0,0.76,4.4,3.1,0.01,0.85,0,4.94,5.47,113,133,20.2,108
"1053",2019-06-19,0,0.54,3.81,3,0.01,0.71,0,4.78,1.83,36.4,29.6,10.1,47.9
"1054",2019-06-20,0,0.4,3.4,3.56,0.01,0.65,0,5.13,0.66,11.5,12.7,5.98,29.7
"1055",2019-06-21,0,0.54,3.21,3.48,0,0.59,0,5.08,0.22,5.76,7.5,4.02,20.8
"1056",2019-06-22,0,0.53,3.06,3.36,0,0.56,0,5.07,0.06,2.27,5.49,2.76,17.9
"1057",2019-06-23,0,0.59,3.09,3.06,0,0.59,0,5.16,0.01,1.26,4.5,2.89,18.4
"1058",2019-06-24,16.6,0.59,3.08,3.02,0,0.6,0,5.08,0.68,1.21,286,238,362
"1059",2019-06-25,1.13,0.62,3.03,3.23,0.01,0.62,0,6.39,1.17,1.05,297,62.2,213
"1060",2019-06-26,0.81,0.44,3.15,3.46,0,0.62,0,5.72,0.2,1.06,83.2,29.5,75.6
"1061",2019-06-27,0.08,0.38,3.05,3.4,0,0.51,0,5.55,0,0.97,25.5,50.8,122
"1062",2019-06-28,0,0.46,4.21,3.11,0,0.55,0,5.54,0,0.85,11.9,54,149
"1063",2019-06-29,2.61,0.44,4.13,2.87,0,0.54,0,5.6,0,0.94,7.06,35.2,89.9
"1064",2019-06-30,0.81,0.32,4.09,3.78,0.01,0.46,0,5.64,0,1.08,5.31,21.6,90.5
"1065",2019-07-01,0,0.38,3.59,3.54,0.01,0.52,0,5.9,0,0.73,4.17,12.1,39
"1066",2019-07-02,0.01,0.54,2.41,4.07,0,87.9,0,5.92,0,0.75,3.54,44.5,30.5
"1067",2019-07-03,0.5,0.5,2.41,5.61,0.01,64.6,0,7.78,0,0.72,3.34,48,143
"1068",2019-07-04,0.01,0.36,2.37,127,0.01,4.02,0,8.44,0,0.74,2.99,10.9,76.3
"1069",2019-07-05,0.01,0.36,2.43,99.7,0.01,1.1,0,5.71,0,0.7,2.68,6.3,28
"1070",2019-07-06,0.03,0.35,3.64,18.6,0,0.51,0,5.44,0,0.71,2.61,4.04,16
"1071",2019-07-07,0.11,0.37,2.91,8.17,0,0.46,0,5.38,0,0.74,2.56,2.91,10.5
"1072",2019-07-08,0.16,0.43,2.29,5.32,0,0.35,0,5.19,0,0.72,2.58,3.52,9.52
"1073",2019-07-09,0.17,0.32,2.22,4.32,0,0.52,0,5.12,0,0.6,2.45,3.96,13.7
"1074",2019-07-10,0.35,0.21,2.21,3.8,0,0.41,0,5.12,0,0.58,2.37,3.69,9.05
"1075",2019-07-11,0.97,0.17,2.17,3.4,0,0.43,0,4.92,0,0.63,2.49,4.38,6.67
"1076",2019-07-12,0.01,0.4,2.06,3.25,0,0.42,0,5.05,0,0.57,2.57,4.41,6.79
"1077",2019-07-13,0.01,0.31,2.1,3.09,0,0.5,0,5.02,0,0.52,2.35,3.67,6.25
"1078",2019-07-14,0.01,0.4,2.07,3.06,0,0.4,0,8.17,0,1.09,2.69,2.84,4.58
"1079",2019-07-15,0.03,0.43,2.04,3,0,0.29,0,5.99,0,0.75,2.87,96.6,262
"1080",2019-07-16,0,0.36,2.01,3.12,0,0.27,0,5.41,0,0.59,2.9,56.3,261
"1081",2019-07-17,0,0.25,2.04,3.34,0,0.14,0,5.07,0,0.56,2.8,28.2,104
"1082",2019-07-18,0,0.28,1.99,3.37,0,0.11,0,5.04,0,0.52,2.16,14.2,61.2
"1083",2019-07-19,0.02,0.25,1.95,3.26,0,0.09,0,4.77,0,0.51,2.34,8.79,33.8
"1084",2019-07-20,0.01,0.23,1.94,3.21,0,0.08,0,4.62,0.3,0.49,2.3,6.47,24.8
"1085",2019-07-21,0.03,0.45,1.94,3.29,0,0.08,0,4.47,0,0.47,2.63,5.62,24.3
"1086",2019-07-22,0.05,0.53,1.8,3.2,0,0.13,0,4.5,0,0.48,2.44,3.38,28.2
"1087",2019-07-23,9.25,0.54,2.18,2.91,0,0.18,0,6.85,0,0.49,2.54,1.93,19.3
"1088",2019-07-24,0.88,0.5,2.65,2.96,0,0.14,0,5.48,0,0.47,2.19,0.77,12.9
"1089",2019-07-25,0.16,0.42,2.96,3.01,0,0.1,0,4.67,0,0.43,1.88,0.31,10.2
"1090",2019-07-26,0.03,0.37,2.61,2.98,0,0.11,0,4.43,0,0.43,2.46,0.2,9.98
"1091",2019-07-27,1.7,0.46,2.32,2.9,0,0.09,0,4.26,0,0.42,2.31,0.15,10.3
"1092",2019-07-28,0.15,0.49,2.32,3.08,0,0.08,0,4.22,0,0.45,2.5,11.6,59.8
"1093",2019-07-29,0.1,0.63,2.39,2.79,0,0.08,0,4.14,0,0.42,2.59,30.4,135
"1094",2019-07-30,0.12,0.64,2.37,2.63,0,0.08,0,3.89,0,0.39,2.37,29.4,155
"1095",2019-07-31,0.01,0.38,2.21,2.82,0,0.07,0,3.91,0,0.4,2.67,27.3,143
"1096",2019-08-01,0.26,0.17,2.34,2.68,0,0.07,0,3.79,0,0.4,2.55,11.8,59.1
"1097",2019-08-02,0.13,0.29,2.39,2.76,0,0.07,0,3.76,0,0.41,2.13,7.32,35.8
"1098",2019-08-03,0.21,0.57,2.47,2.84,0,0.07,0,3.9,0,0.43,2.46,5.11,24.7
"1099",2019-08-04,0.3,0.7,2.37,3.07,0,0.06,0,3.88,0,0.56,2.27,3.65,20.2
"1100",2019-08-05,6.91,0.77,2.3,3.38,0,0.05,0,4.04,0,0.55,2.25,5.38,19.4
"1101",2019-08-06,0.95,0.78,2.51,3.55,0,0.04,0,3.94,0,0.67,2.31,1.77,17.7
"1102",2019-08-07,0.05,0.49,2.64,3.63,0,0.04,0,3.88,0,0.55,2.24,0.77,11.5
"1103",2019-08-08,0.03,0.47,2.61,3.51,0,0.02,0,3.64,0,0.46,2.16,0.57,10.2
"1104",2019-08-09,0.02,0.68,2.62,3.47,0,0.01,0,3.51,0,0.45,2.25,0.22,10
"1105",2019-08-10,0,0.46,2.63,3.19,0,0,0,3.39,0,0.42,2.27,0.12,9.91
"1106",2019-08-11,0.63,0.73,2.64,3.07,0,0,0,3.25,0,0.41,1.98,0.14,9.8
"1107",2019-08-12,0.01,0.91,2.63,2.99,0,0,0,3.04,0,0.39,2.01,0.16,9.37
"1108",2019-08-13,0,0.94,2.63,2.93,0,0,0,3.06,0,0.39,2.14,0.95,10.2
"1109",2019-08-14,0.01,0.72,2.54,3,0,0,0,2.92,0,0.38,2.42,0.49,12.2
"1110",2019-08-15,0.02,0.47,2.53,3.08,0,0,0,2.94,0,0.38,2.39,0.74,11
"1111",2019-08-16,0.03,0.51,2.54,3.05,0,0,0,2.88,0,0.4,2.6,3.19,12.1
"1112",2019-08-17,0.16,0.77,2.48,2.9,0,0,0,2.69,0,0.38,2.6,1.12,25.7
"1113",2019-08-18,0.01,0.62,2.49,2.91,0,0,0,2.56,0,0.36,2.41,0.22,13.9
"1114",2019-08-19,0,1.02,2.55,2.69,0,0,0,2.46,0,0.35,2.73,0.24,10.8
"1115",2019-08-20,0.01,1.07,2.47,2.56,0,0,0,2.5,0,0.35,2.75,9.13,11.6
"1116",2019-08-21,0.01,0.8,2.47,3.16,0,0,0,2.32,0,0.36,2.27,1.25,22.8
"1117",2019-08-22,0.11,0.5,2.44,3.02,0,0,0,2.25,0,0.52,2.79,3.89,27.7
"1118",2019-08-23,0.04,0.48,2.44,3.01,0,0.01,0,2.42,0,0.54,2.78,20.4,149
"1119",2019-08-24,0.05,0.48,2.55,2.68,0,0,0,4.18,0,0.46,2.54,1.49,113
"1120",2019-08-25,0.1,1.17,2.75,2.37,0,0,0,3.19,0,0.47,2.69,1.14,29.4
"1121",2019-08-26,0.17,1.26,2.79,2.17,0,0,0,2.41,0,0.44,2.56,0.46,19.3
"1122",2019-08-27,2.77,1.3,2.81,2.29,0,0,0,2.07,0,0.39,2.47,0.3,13.5
"1123",2019-08-28,0.05,1,2.83,2.16,0,0,0,2.11,0,0.4,2.77,0.49,11.6
"1124",2019-08-29,0.01,0.45,2.84,2.14,0,0,0,2.34,0,0.4,2.24,0.55,10.1
"1125",2019-08-30,0.05,0.94,3.41,2.38,0,0,0,2.02,0,4.57,2.22,0.82,14.7
"1126",2019-08-31,1.98,1.15,3.72,2.54,0,0,0,1.83,0,1.65,2.99,1.25,15.5
"1127",2019-09-01,0.15,1.36,2.63,2.49,0,0,0,1.78,0,0.5,4.23,1.31,11.6
"1128",2019-09-02,0.12,1.48,2.41,2.43,0,0,0,1.73,0,0.41,2.91,1.63,10.6
"1129",2019-09-03,0.17,1.51,2.03,2.44,0,0,0,1.68,0,0.41,2.48,2.01,10.5
"1130",2019-09-04,9.59,1.17,2.28,2.61,0,0,0,2.81,0,0.41,2.65,2.01,10.5
"1131",2019-09-05,7.28,1.79,3.01,3.66,0,0,0,4.76,0,0.39,2.24,2.16,9.5
"1132",2019-09-06,0.23,1.51,3.16,5.9,0,0,0,2.81,0,0.37,1.82,2.79,9.11
"1133",2019-09-07,0.03,1.32,3.4,8.66,0,0,0,2.35,0,0.38,2.03,2.82,9.25
"1134",2019-09-08,0.08,1.56,3.3,5.14,0,0,NA,2.22,0,0.36,2.2,2.72,9.29
"1135",2019-09-09,0.07,1.62,2.68,4.28,0,0,0,2.06,0,0.35,2.58,2.73,9.39
"1136",2019-09-10,1.61,1.62,3.05,3.74,0,0,0,2.69,0,0.34,2.31,3.58,16.3
"1137",2019-09-11,0.85,1.16,3.77,12.9,0,0,0,3.99,0,37.9,2.45,2.98,33.6
"1138",2019-09-12,0.09,0.95,6.18,19.7,0,0,0,4.63,0,228,2.6,3.66,24.9
"1139",2019-09-13,0.49,1.48,4.79,10.6,0,0,0,4,0,23.9,2.54,2.78,20.9
"1140",2019-09-14,0.41,1.26,3.51,6.66,0,0,0,3.57,0,9.1,2.3,2.76,15.7
"1141",2019-09-15,0.14,1.57,2.86,5.8,0,0,0,3.27,0,4.52,2.51,3.48,11.6
"1142",2019-09-16,0.27,1.56,2.56,4.94,0,0,0,2.85,0,2.55,2.47,3.09,12.5
"1143",2019-09-17,0.29,1.59,2.45,5.27,0,0,0,2.5,0,1.9,2.82,3.67,15.3
"1144",2019-09-18,0.18,1.6,2.25,4.9,0,0,0,2.12,0,1.66,6.66,51.8,239
"1145",2019-09-19,0.51,1.36,2.15,4.5,0,0,0,1.87,0,1.45,532,483,749
"1146",2019-09-20,0.16,0.88,1.98,4.4,0,0,0,2.13,0,1.31,688,132,391
"1147",2019-09-21,0.36,1.38,1.88,4.27,0,0,0,2.13,0,1.24,167,55.5,232
"1148",2019-09-22,0.56,1.61,1.81,3.98,0,0,0,2.92,0,1.75,41.6,25.5,95.8
"1149",2019-09-23,0.53,1.65,1.76,4.51,0,0,0,3.07,0,1.39,18.6,12,55.5
"1150",2019-09-24,0.8,1.58,2.08,5.27,0,0,0,5.91,0,4.64,11.6,7.84,41.1
"1151",2019-09-25,0.81,1.47,2,4.77,0,0,0,5.16,0,10.1,6.18,5.7,31.4
"1152",2019-09-26,0.67,1.35,1.81,4.62,0,0,0,3.54,0,3.77,4.47,4.5,24
"1153",2019-09-27,0.81,1.31,1.67,4.33,0,0,0,5.85,0,1.79,11.6,4.21,25.3
"1154",2019-09-28,0.22,1.25,1.58,3.89,0,0,0,13.7,0,1.36,20.1,3.82,32.4
"1155",2019-09-29,0.27,1.43,1.6,3.69,0,0,0,16.6,0,1.22,5.13,3.84,23.1
"1156",2019-09-30,0.58,1.4,1.69,3.61,0,0,0,17.1,0,1.16,3.23,3.06,22
"1157",2019-10-01,0.17,1.43,1.65,3.53,0,0,0,16.6,0,1.1,2.64,2.84,17.6
"1158",2019-10-02,0.69,0.9,1.47,3.44,0,0,0,15.8,0,1.1,2.14,2.46,15.6
"1159",2019-10-03,NA,1.06,1.56,3.37,0,0,NA,11.7,0,1.1,2.08,2.16,14.5
"1160",2019-10-04,1.08,0.83,1.7,3.16,0,0,0,8.12,0,1.13,1.9,2.21,12.9
"1161",2019-10-05,0.98,1.02,1.84,3.26,0,0,0,3.04,0,1.15,2.08,2.34,12.6
"1162",2019-10-06,1.73,1.42,1.74,3.11,0,0,0,2.96,0,1.09,2.04,2.61,12.6
"1163",2019-10-07,1.67,1.49,1.51,3.14,0,0,0,1.14,0,1.1,1.99,2.96,13.5
"1164",2019-10-08,1.67,1.49,2.43,3.08,0,0,0,3.3,0,1.13,1.91,3.02,11
"1165",2019-10-09,1.73,1.25,2.45,3.29,0,0,0,14.4,0,1.19,1.84,2.85,11.8
"1166",2019-10-10,1.73,0.99,1.39,3.56,0,0,0,23.5,0,1.16,1.97,2.78,12
"1167",2019-10-11,1.5,1.22,1.41,3.23,0,0,0,3.55,0,1.15,2.03,16.4,57.5
"1168",2019-10-12,1.27,0.88,1.39,3.03,0,0,0,0.93,0,0.91,1.71,10.5,53.1
"1169",2019-10-13,1.27,1.3,1.23,2.94,0,0,0,0.9,0,0.95,2.05,6.87,34.5
"1170",2019-10-14,1.29,1.36,1.55,2.9,0,0,0,1.25,0,1.12,2.07,49.7,52.7
"1171",2019-10-15,0.65,1.37,1.36,3.17,0,0,0,1.51,0,1.13,1.95,23,99.4
"1172",2019-10-16,0.06,0.82,1.26,3.79,0,0,0,2.2,0,4.7,2.02,43.7,136
"1173",2019-10-17,0.07,0.43,1.19,3.99,0,0,0,2.4,0.7,1.67,2.23,15.5,52.4
"1174",2019-10-18,0.06,0.61,1.2,3.76,0,0,0,6.1,8.47,1.36,2.06,8.83,25.9
"1175",2019-10-19,0.06,1.28,1.15,3.67,0,0,0,17,8.66,1.23,2.07,5.8,18.7
"1176",2019-10-20,0.04,1.32,1.1,3.45,0,0,0,17.7,4.77,1.13,1.82,4.17,17.9
"1177",2019-10-21,0.03,1.35,1.09,3.52,0,0,0,10,1.91,1.36,3.46,154,189
"1178",2019-10-22,0.03,1.33,0.97,3.55,0,0,0,4.23,0.56,1.3,3.83,57.8,161
"1179",2019-10-23,0.06,0.99,0.92,3.32,0,0,0,9.01,0.05,1.24,1.95,29.7,63.7
"1180",2019-10-24,0.22,0.71,0.93,3.27,0,0,0,12.1,0,1.36,1.79,12,37.9
"1181",2019-10-25,0.51,1.29,4.88,3.8,0,0,0,5.39,2.67,2.4,9.54,27.5,37.4
"1182",2019-10-26,0.05,1.36,1.4,3.7,0,0,0,1.62,3.31,1.41,4.53,7.37,NA
"1183",2019-10-27,0.09,1.37,1.66,4.8,0,0,0,1.59,7.28,1.22,2.23,5.11,NA
"1184",2019-10-28,0.19,1.41,1.88,4.23,0,0,0,1.64,5.15,1.21,1.96,3.93,NA
"1185",2019-10-29,0.15,1.47,1.78,3.74,0,0,0,2.02,3.8,1.35,1.9,118,215
"1186",2019-10-30,0.39,1.29,1.6,3.87,0,0,0,7.68,10.9,1.51,2.06,108,251
"1187",2019-10-31,0.12,1.01,1.91,3.89,0,0,0,6.35,32.9,25.7,5.73,67.6,184
"1188",2019-11-01,0.11,0.62,2.32,10.5,0,0,0,3.64,20.6,23.6,2.98,30.5,71.4
"1189",2019-11-02,0.07,1.35,2.29,6.44,0,0,0,3.3,11,23,1.94,14.4,41.1
"1190",2019-11-03,0.09,1.34,2.09,4.26,0,0,0,3.14,5.83,8.71,2.16,8.71,26.9
"1191",2019-11-04,0.08,1.48,1.81,3.66,0,0,0,3.01,3.32,3.62,2.02,6.14,21.7
"1192",2019-11-05,0.07,1.54,1.58,3.42,0,0,0,2.9,2.28,1.82,2.01,4.67,18
"1193",2019-11-06,0.3,1.55,1.44,3.45,0,0,0,2.65,1.81,1.34,2.01,3.72,15.3
"1194",2019-11-07,NA,0.94,4.27,3.44,0,0,0,3.02,1.31,49.7,4.87,30.6,80.6
"1195",2019-11-08,10.4,1.01,37.5,3.44,0,0,0,11.8,0.75,53.7,55.7,18,102
"1196",2019-11-09,0.33,1.47,80.3,3.12,0,0,0,11.9,0.24,10.1,25,10.7,43.2
"1197",2019-11-10,0.03,1.45,23.2,2.96,0,0,0,6.07,0.12,4.65,10.8,7.39,28.2
"1198",2019-11-11,0.39,1.51,11.3,3.2,0,0,0,4.3,0.13,2.43,5.87,5.77,24.6
"1199",2019-11-12,2.62,1.58,18.4,3.54,0,0,0,3.6,0.01,1.79,4.27,4.91,19
